Filename,X,Y
00OMSZGW_lower_left.png,777,492
00OMSZGW_lower_right.png,761,487
00OMSZGW_upper_left.png,817,371
00OMSZGW_upper_right.png,813,373
01328DDN_lower_left.png,815,352
01328DDN_lower_right.png,824,353
01328DDN_upper_left.png,806,295
01328DDN_upper_right.png,798,291
0132CR0A_lower_left.png,786,332
0132CR0A_lower_right.png,775,328
0132CR0A_upper_left.png,751,287
0132CR0A_upper_right.png,765,294
01343APK_lower_left.png,807,353
01343APK_lower_right.png,816,361
01343APK_upper_left.png,784,314
01343APK_upper_right.png,774,307
01346914_lower_left.png,770,342
01346914_lower_right.png,773,343
01346914_upper_left.png,729,326
01346914_upper_right.png,735,329
013475VT_lower_left.png,796,341
013475VT_lower_right.png,795,341
013475VT_upper_left.png,764,287
013475VT_upper_right.png,753,283
013FHA7K_lower_left.png,844,369
013FHA7K_lower_right.png,842,369
013FHA7K_upper_left.png,799,276
013FHA7K_upper_right.png,782,276
013FWKMZ_lower_left.png,831,341
013FWKMZ_lower_right.png,785,332
013FWKMZ_upper_left.png,787,281
013FWKMZ_upper_right.png,804,293
013H18FF_lower_left.png,794,352
013H18FF_lower_right.png,812,354
013H18FF_upper_left.png,764,288
013H18FF_upper_right.png,772,296
013H3Y8H_lower_left.png,865,357
013H3Y8H_lower_right.png,864,356
013H3Y8H_upper_left.png,814,287
013H3Y8H_upper_right.png,811,288
013JX8W4_lower_left.png,830,328
013JX8W4_lower_right.png,834,324
013JX8W4_upper_left.png,787,285
013JX8W4_upper_right.png,784,282
013NUWYR_lower_left.png,828,243
013NUWYR_lower_right.png,818,236
013NUWYR_upper_left.png,845,280
013NUWYR_upper_right.png,829,272
013NXHPV_lower_left.png,821,293
013NXHPV_lower_right.png,810,288
013NXHPV_upper_left.png,788,249
013NXHPV_upper_right.png,790,251
013NXP1H_lower_left.png,816,357
013NXP1H_lower_right.png,836,362
013NXP1H_upper_left.png,776,268
013NXP1H_upper_right.png,732,255
013TGCFK_lower_left.png,762,336
013TGCFK_lower_right.png,765,343
013TGCFK_upper_left.png,744,277
013TGCFK_upper_right.png,736,281
013TXGFK_lower_left.png,835,363
013TXGFK_lower_right.png,824,360
013TXGFK_upper_left.png,769,256
013TXGFK_upper_right.png,760,252
013V9CKV_lower_left.png,806,332
013V9CKV_lower_right.png,804,342
013V9CKV_upper_left.png,792,264
013V9CKV_upper_right.png,792,266
013VGW18_lower_left.png,780,354
013VGW18_lower_right.png,761,351
013VGW18_upper_left.png,770,295
013VGW18_upper_right.png,773,294
013Z78FX_lower_left.png,819,380
013Z78FX_lower_right.png,821,372
013Z78FX_upper_left.png,754,312
013Z78FX_upper_right.png,751,312
013Z8U5Z_lower_left.png,2292,346
013Z8U5Z_lower_right.png,779,352
013Z8U5Z_upper_left.png,716,301
013Z8U5Z_upper_right.png,733,303
013Z9SM2_lower_left.png,825,332
013Z9SM2_lower_right.png,825,328
013Z9SM2_upper_left.png,792,289
013Z9SM2_upper_right.png,798,287
013ZD6EX_lower_left.png,732,325
013ZD6EX_lower_right.png,730,322
013ZD6EX_upper_left.png,721,307
013ZD6EX_upper_right.png,723,304
0140E7V2_lower_left.png,730,352
0140E7V2_lower_right.png,727,354
0140E7V2_upper_left.png,761,303
0140E7V2_upper_right.png,757,300
0140U5D6_lower_left.png,738,321
0140U5D6_lower_right.png,745,323
0140U5D6_upper_left.png,696,290
0140U5D6_upper_right.png,688,287
0140VD2R_upper_left.png,759,323
0140VD2R_upper_right.png,755,317
0140W3ND_upper_left.png,807,250
0140W3ND_upper_right.png,804,250
0140XF2Z_lower_left.png,773,347
0140XF2Z_lower_right.png,773,347
0140XF2Z_upper_left.png,750,290
0140XF2Z_upper_right.png,754,292
0140YFGV_lower_left.png,788,350
0140YFGV_lower_right.png,792,344
0140YFGV_upper_left.png,771,287
0140YFGV_upper_right.png,770,285
01422MSK_lower_left.png,739,302
01422MSK_lower_right.png,754,313
01422MSK_upper_left.png,754,291
01422MSK_upper_right.png,759,291
0142CYK4_lower_left.png,787,336
0142CYK4_lower_right.png,786,330
0142CYK4_upper_left.png,745,296
0142CYK4_upper_right.png,744,293
0145FC8N_lower_left.png,817,342
0145FC8N_lower_right.png,814,341
0145FC8N_upper_left.png,720,267
0145FC8N_upper_right.png,728,273
0145NKWZ_upper_left.png,846,273
0145NKWZ_upper_right.png,842,272
0148UTKX_lower_left.png,816,337
0148UTKX_lower_right.png,822,336
0148UTKX_upper_left.png,785,327
0148UTKX_upper_right.png,778,325
0148VUFR_lower_left.png,778,336
0148VUFR_lower_right.png,792,343
0148VUFR_upper_left.png,770,283
0148VUFR_upper_right.png,772,286
014996KX_lower_left.png,840,352
014996KX_lower_right.png,843,352
014996KX_upper_left.png,814,299
014996KX_upper_right.png,809,300
014ADZ2K_lower_left.png,805,323
014ADZ2K_lower_right.png,803,322
014ADZ2K_upper_left.png,799,307
014ADZ2K_upper_right.png,800,309
014EZU5V_lower_left.png,822,344
014EZU5V_lower_right.png,820,344
014EZU5V_upper_left.png,785,283
014EZU5V_upper_right.png,791,285
014F2T8F_lower_left.png,834,377
014F2T8F_lower_right.png,835,373
014F2T8F_upper_left.png,795,287
014F2T8F_upper_right.png,789,285
014F9HTN_lower_left.png,783,319
014F9HTN_lower_right.png,791,318
014JJ942_lower_left.png,784,313
014JJ942_lower_right.png,778,306
014JJ942_upper_left.png,770,278
014JJ942_upper_right.png,776,273
014JUMCF_upper_left.png,721,268
014JUMCF_upper_right.png,714,261
014JV25R_lower_left.png,772,301
014JV25R_lower_right.png,774,301
014JV25R_upper_left.png,752,282
014JV25R_upper_right.png,756,294
014M2HZD_lower_left.png,828,343
014M2HZD_lower_right.png,838,348
014M2HZD_upper_left.png,850,296
014M2HZD_upper_right.png,843,297
014RZJT4_lower_left.png,818,320
014RZJT4_lower_right.png,827,323
014RZJT4_upper_left.png,783,246
014RZJT4_upper_right.png,785,252
014RZUKF_lower_left.png,795,370
014RZUKF_lower_right.png,796,370
014RZUKF_upper_left.png,737,273
014RZUKF_upper_right.png,730,262
014S002X_lower_left.png,792,342
014S002X_lower_right.png,796,341
014S002X_upper_left.png,796,298
014S002X_upper_right.png,794,303
014WKP6A_lower_left.png,827,361
014WKP6A_lower_right.png,830,362
014WKP6A_upper_left.png,788,277
014WKP6A_upper_right.png,785,284
014X0F4K_upper_left.png,767,302
014X0F4K_upper_right.png,768,299
014Z13Z2_lower_left.png,812,333
014Z13Z2_lower_right.png,804,333
014Z13Z2_upper_left.png,785,278
014Z13Z2_upper_right.png,804,279
014Z1E5D_lower_left.png,843,334
014Z1E5D_lower_right.png,846,336
014Z1E5D_upper_left.png,834,280
014Z1E5D_upper_right.png,836,279
014ZTSJ8_lower_left.png,827,346
014ZTSJ8_lower_right.png,833,344
014ZTSJ8_upper_left.png,776,288
014ZTSJ8_upper_right.png,760,286
014ZTUSK_lower_left.png,816,351
014ZTUSK_lower_right.png,815,351
014ZTUSK_upper_left.png,757,255
014ZTUSK_upper_right.png,767,251
014ZWMZ8_lower_left.png,782,334
014ZWMZ8_lower_right.png,784,334
014ZWMZ8_upper_left.png,760,284
014ZWMZ8_upper_right.png,736,285
01502VH6_upper_left.png,806,319
01502VH6_upper_right.png,805,321
0151RHMK_lower_left.png,756,316
0151RHMK_lower_right.png,766,316
0151RHMK_upper_left.png,786,296
0151RHMK_upper_right.png,779,288
01533UH2_lower_left.png,854,344
01533UH2_lower_right.png,858,347
01533W1T_lower_left.png,764,300
01533W1T_lower_right.png,751,300
01533W1T_upper_left.png,760,274
01533W1T_upper_right.png,766,275
0154PPVX_lower_left.png,807,377
0154PPVX_lower_right.png,795,377
0154PPVX_upper_left.png,756,279
0154PPVX_upper_right.png,747,277
0154T9CN_lower_left.png,831,359
0154T9CN_lower_right.png,819,357
0154T9CN_upper_left.png,813,271
0154T9CN_upper_right.png,811,270
01558X1D_lower_left.png,775,349
01558X1D_lower_right.png,754,349
01558X1D_upper_left.png,745,269
01558X1D_upper_right.png,751,270
0155EZ2V_lower_left.png,762,344
0155EZ2V_lower_right.png,776,344
0155EZ2V_upper_left.png,721,321
0155EZ2V_upper_right.png,733,329
0158JZXN_lower_left.png,779,347
0158JZXN_lower_right.png,776,349
0158JZXN_upper_left.png,797,281
0158JZXN_upper_right.png,801,278
0158T9ED_lower_left.png,826,350
0158T9ED_lower_right.png,830,351
0158T9ED_upper_left.png,800,255
0158T9ED_upper_right.png,798,255
0158XRYK_lower_left.png,836,356
0158XRYK_lower_right.png,839,354
0158XRYK_upper_left.png,815,308
0158XRYK_upper_right.png,806,309
0159CS26_lower_left.png,768,359
0159CS26_lower_right.png,761,358
0159CS26_upper_left.png,773,267
0159CS26_upper_right.png,770,265
015DK78F_lower_left.png,860,354
015DK78F_lower_right.png,843,341
015DK78F_upper_left.png,793,257
015DK78F_upper_right.png,785,248
015DTXR8_lower_left.png,787,344
015DTXR8_lower_right.png,776,350
015DTXR8_upper_left.png,748,281
015DTXR8_upper_right.png,753,282
015DUP26_lower_left.png,738,356
015DUP26_lower_right.png,736,356
015DUP26_upper_left.png,730,285
015DUP26_upper_right.png,725,284
015DXGZH_lower_left.png,772,306
015DXGZH_lower_right.png,773,306
015DXGZH_upper_left.png,731,260
015DXGZH_upper_right.png,760,274
015KFJV6_lower_left.png,818,320
015KFJV6_lower_right.png,818,324
015KFJV6_upper_left.png,798,298
015KFJV6_upper_right.png,802,303
015KRWDT_lower_left.png,763,344
015KRWDT_lower_right.png,775,348
015KRWDT_upper_left.png,759,294
015KRWDT_upper_right.png,752,292
015RHV4X_lower_left.png,707,267
015RHV4X_lower_right.png,708,266
015RHV4X_upper_left.png,770,295
015RHV4X_upper_right.png,748,282
015RM178_lower_left.png,836,333
015RM178_lower_right.png,829,333
015RM178_upper_left.png,774,303
015RM178_upper_right.png,790,307
015SUFFX_lower_left.png,799,334
015SUFFX_lower_right.png,800,334
015SUFFX_upper_left.png,747,288
015SUFFX_upper_right.png,755,291
015SW0RN_lower_left.png,822,341
015SW0RN_lower_right.png,821,338
015SW0RN_upper_left.png,777,280
015SW0RN_upper_right.png,773,276
015WW8D6_lower_left.png,786,379
015WW8D6_lower_right.png,779,371
015WW8D6_upper_left.png,729,259
015WW8D6_upper_right.png,718,255
015WXFRN_lower_left.png,839,361
015WXFRN_lower_right.png,822,344
015WXFRN_upper_left.png,790,304
015WXFRN_upper_right.png,786,297
015WYXSK_lower_left.png,834,354
015WYXSK_lower_right.png,840,354
015WYXSK_upper_left.png,789,269
015WYXSK_upper_right.png,793,276
015XE9MT_lower_left.png,825,329
015XE9MT_lower_right.png,825,330
015XE9MT_upper_left.png,803,269
015XE9MT_upper_right.png,806,273
0160NTKK_lower_left.png,779,302
0160NTKK_lower_right.png,776,301
0160NTKK_upper_left.png,795,289
0160NTKK_upper_right.png,797,292
0165W7J4_lower_left.png,775,325
0165W7J4_lower_right.png,778,326
0165W7J4_upper_left.png,776,304
0165W7J4_upper_right.png,770,305
01661EUZ_lower_left.png,813,355
01661EUZ_lower_right.png,804,355
01661EUZ_upper_left.png,809,283
01661EUZ_upper_right.png,811,280
0166M778_lower_left.png,781,301
0166M778_lower_right.png,765,287
0166M778_upper_left.png,768,272
0166M778_upper_right.png,765,269
0169NHT6_lower_left.png,849,349
0169NHT6_lower_right.png,850,348
0169NHT6_upper_left.png,830,283
0169NHT6_upper_right.png,826,280
016A053T_lower_left.png,760,285
016A053T_lower_right.png,756,278
016A053T_upper_left.png,766,276
016A053T_upper_right.png,767,273
016FSM14_upper_left.png,768,295
016FSM14_upper_right.png,771,304
016FT33T_lower_left.png,768,335
016FT33T_lower_right.png,767,335
016FT33T_upper_left.png,749,265
016FT33T_upper_right.png,745,266
016G9TFH_lower_left.png,825,378
016G9TFH_lower_right.png,820,379
016G9TFH_upper_left.png,803,290
016G9TFH_upper_right.png,796,289
016KWDMV_upper_left.png,834,323
016KWDMV_upper_right.png,828,316
016N696F_lower_left.png,769,312
016N696F_lower_right.png,760,311
016N696F_upper_left.png,817,327
016N696F_upper_right.png,817,334
016NA0VD_lower_left.png,800,320
016NA0VD_lower_right.png,799,314
016NA0VD_upper_left.png,770,285
016NA0VD_upper_right.png,758,280
016PTY8K_upper_left.png,806,264
016PTY8K_upper_right.png,810,264
016SVMHT_lower_left.png,789,336
016SVMHT_lower_right.png,791,335
016SVMHT_upper_left.png,770,299
016SVMHT_upper_right.png,767,295
016T6810_lower_left.png,774,346
016T6810_lower_right.png,772,344
016T6810_upper_left.png,744,284
016T6810_upper_right.png,740,282
016T80GN_lower_left.png,803,342
016T80GN_lower_right.png,801,342
016T80GN_upper_left.png,808,285
016T80GN_upper_right.png,808,280
016THRCV_lower_left.png,849,364
016THRCV_lower_right.png,853,361
016THRCV_upper_left.png,796,287
016THRCV_upper_right.png,800,292
016X1CJT_lower_left.png,814,375
016X1CJT_lower_right.png,825,369
016X1CJT_upper_left.png,786,269
016X1CJT_upper_right.png,789,267
016XWJ8X_lower_left.png,809,342
016XWJ8X_lower_right.png,808,346
016XWJ8X_upper_left.png,818,329
016XWJ8X_upper_right.png,834,326
016Y55Z0_upper_left.png,758,284
016Y55Z0_upper_right.png,754,288
0171X5EV_lower_left.png,791,343
0171X5EV_lower_right.png,790,345
0171X5EV_upper_left.png,793,281
0171X5EV_upper_right.png,788,279
0175DC9K_lower_left.png,826,360
0175DC9K_lower_right.png,826,362
0175DC9K_upper_left.png,791,293
0175DC9K_upper_right.png,782,289
0175MHGN_lower_left.png,828,338
0175MHGN_lower_right.png,838,338
0175MHGN_upper_left.png,787,249
0175MHGN_upper_right.png,779,249
0177JSNX_lower_left.png,765,341
0177JSNX_lower_right.png,763,341
0177JSNX_upper_left.png,749,329
0177JSNX_upper_right.png,756,326
0178P1CT_lower_left.png,821,331
0178P1CT_lower_right.png,829,331
0178P1CT_upper_left.png,800,277
0178P1CT_upper_right.png,814,279
0178PAPZ_lower_left.png,798,357
0178PAPZ_lower_right.png,799,362
0178PAPZ_upper_left.png,792,333
0178PAPZ_upper_right.png,794,331
017APYC4_lower_left.png,780,365
017APYC4_lower_right.png,761,349
017APYC4_upper_left.png,758,270
017APYC4_upper_right.png,789,301
017FADFV_lower_left.png,852,353
017FADFV_lower_right.png,845,359
017FADFV_upper_left.png,759,275
017FADFV_upper_right.png,765,273
017FHD6X_upper_left.png,761,290
017FHD6X_upper_right.png,764,295
017U0890_lower_left.png,792,348
017U0890_lower_right.png,791,344
017U0890_upper_left.png,774,271
017U0890_upper_right.png,760,273
017U1TED_lower_left.png,781,327
017U1TED_lower_right.png,786,330
017U1TED_upper_left.png,778,309
017U1TED_upper_right.png,777,306
017U3R3T_lower_left.png,772,235
017U3R3T_lower_right.png,769,228
017UWE8F_lower_left.png,802,341
017UWE8F_lower_right.png,798,339
017UWE8F_upper_left.png,718,285
017UWE8F_upper_right.png,719,283
017UXKRN_lower_left.png,860,365
017UXKRN_lower_right.png,852,356
017UXKRN_upper_left.png,852,288
017UXKRN_upper_right.png,831,280
017UYAW4_lower_left.png,803,338
017UYAW4_lower_right.png,808,337
017UYAW4_upper_left.png,776,280
017UYAW4_upper_right.png,773,285
017YFPPR_lower_left.png,846,360
017YFPPR_lower_right.png,843,360
017YFPPR_upper_left.png,828,286
017YFPPR_upper_right.png,843,284
018RHCTX_lower_left.png,780,304
018RHCTX_lower_right.png,781,304
018RHCTX_upper_left.png,748,286
018RHCTX_upper_right.png,747,287
018RSPYF_lower_left.png,797,350
018RSPYF_lower_right.png,793,346
018RSPYF_upper_left.png,771,303
018RSPYF_upper_right.png,756,296
018UV7KV_upper_left.png,773,292
018UV7KV_upper_right.png,768,289
018VF1PV_lower_left.png,807,365
018VF1PV_lower_right.png,808,365
018VF1PV_upper_left.png,777,303
018VF1PV_upper_right.png,766,303
018W5JTD_lower_left.png,809,351
018W5JTD_lower_right.png,804,351
018W5JTD_upper_left.png,800,285
018W5JTD_upper_right.png,803,283
018XZVD6_upper_left.png,737,292
018XZVD6_upper_right.png,711,282
01909P9K_lower_left.png,812,354
01909P9K_lower_right.png,811,353
01909P9K_upper_left.png,784,292
01909P9K_upper_right.png,780,295
0191WKPV_lower_left.png,766,325
0191WKPV_lower_right.png,758,330
0191WKPV_upper_left.png,778,303
0191WKPV_upper_right.png,770,301
0199XT22_upper_left.png,801,310
0199XT22_upper_right.png,815,309
019CNYA6_lower_left.png,764,328
019CNYA6_lower_right.png,752,328
019CP4YZ_lower_left.png,803,326
019CP4YZ_lower_right.png,820,330
019CP4YZ_upper_left.png,814,294
019CP4YZ_upper_right.png,815,293
019EJZFH_lower_left.png,825,358
019EJZFH_lower_right.png,826,362
019EJZFH_upper_left.png,792,292
019EJZFH_upper_right.png,786,291
019EK6N2_lower_left.png,794,362
019EK6N2_lower_right.png,782,354
019EK6N2_upper_left.png,772,289
019EK6N2_upper_right.png,755,284
019EMA3D_lower_left.png,812,377
019EMA3D_lower_right.png,819,377
019EMA3D_upper_left.png,751,299
019EMA3D_upper_right.png,756,296
019GEJTN_lower_left.png,720,356
019GEJTN_lower_right.png,718,358
019GEJTN_upper_left.png,718,317
019GEJTN_upper_right.png,719,317
019M7KEN_upper_left.png,754,287
019M7KEN_upper_right.png,758,286
019NJEW6_lower_left.png,782,360
019NJEW6_lower_right.png,783,359
019NJEW6_upper_left.png,736,284
019NJEW6_upper_right.png,741,288
019NTT78_lower_left.png,755,326
019NTT78_lower_right.png,768,338
019NTT78_upper_left.png,787,290
019NTT78_upper_right.png,733,278
019NUXJV_upper_left.png,746,310
019NUXJV_upper_right.png,750,307
019P6PZD_lower_left.png,834,352
019P6PZD_lower_right.png,828,347
019P6PZD_upper_left.png,796,262
019P6PZD_upper_right.png,796,258
019PEUMN_lower_left.png,891,393
019PEUMN_lower_right.png,873,372
019PEUMN_upper_left.png,849,278
019PEUMN_upper_right.png,835,279
019TTV1D_lower_left.png,810,377
019TTV1D_lower_right.png,810,376
019TTV1D_upper_left.png,794,320
019TTV1D_upper_right.png,786,316
019TUUZD_upper_left.png,781,309
019TUUZD_upper_right.png,766,311
019Z31A2_lower_left.png,840,388
019Z31A2_lower_right.png,828,385
019Z31A2_upper_left.png,764,292
019Z31A2_upper_right.png,760,290
019Z57FF_lower_left.png,785,347
019Z57FF_lower_right.png,784,348
019Z57FF_upper_left.png,779,299
019Z57FF_upper_right.png,779,298
019ZGSJR_lower_left.png,772,337
019ZGSJR_lower_right.png,759,325
019ZGSJR_upper_left.png,789,286
019ZGSJR_upper_right.png,758,271
019ZHT7Z_lower_left.png,739,338
019ZHT7Z_lower_right.png,742,333
019ZHT7Z_upper_left.png,758,324
019ZHT7Z_upper_right.png,756,322
019ZJY1H_lower_left.png,831,362
019ZJY1H_lower_right.png,829,359
019ZJY1H_upper_left.png,804,318
019ZJY1H_upper_right.png,800,319
019ZKUHV_lower_left.png,808,331
019ZKUHV_lower_right.png,807,329
019ZKUHV_upper_left.png,766,270
019ZKUHV_upper_right.png,760,264
019ZMN7R_upper_left.png,776,291
019ZMN7R_upper_right.png,774,291
01A6GW4A_lower_left.png,870,338
01A6GW4A_lower_right.png,865,336
01A6GW4A_upper_left.png,823,267
01A6GW4A_upper_right.png,807,268
01A6H4PZ_lower_left.png,803,281
01A6H4PZ_lower_right.png,766,274
01A6H4PZ_upper_left.png,795,294
01A6H4PZ_upper_right.png,815,298
01A6HAN6_lower_left.png,788,335
01A6HAN6_lower_right.png,790,338
01A6HAN6_upper_left.png,724,297
01A6HAN6_upper_right.png,724,298
01A6HE9H_lower_left.png,802,363
01A6HE9H_lower_right.png,811,367
01A6HE9H_upper_left.png,774,287
01A6HE9H_upper_right.png,782,291
01A6HG3N_upper_left.png,802,267
01A6HG3N_upper_right.png,796,272
01A91JH6_upper_left.png,771,297
01A91JH6_upper_right.png,768,293
01A9282X_lower_left.png,766,346
01A9282X_lower_right.png,771,345
01ADUNMV_upper_left.png,791,315
01ADUNMV_upper_right.png,825,316
01ADYT70_lower_left.png,779,364
01ADYT70_lower_right.png,768,359
01ADYT70_upper_left.png,776,327
01ADYT70_upper_right.png,769,329
01AFES4K_lower_left.png,805,380
01AFES4K_lower_right.png,801,379
01AFES4K_upper_left.png,780,318
01AFES4K_upper_right.png,800,322
01AKES86_upper_left.png,808,302
01AKES86_upper_right.png,798,297
01AS003D_upper_left.png,706,302
01AS003D_upper_right.png,701,300
01AS72AN_lower_left.png,784,340
01AS72AN_lower_right.png,778,340
01AS72AN_upper_left.png,761,318
01AS72AN_upper_right.png,767,319
01AS9ER0_lower_left.png,813,349
01AS9ER0_lower_right.png,816,349
01AS9ER0_upper_left.png,769,277
01AS9ER0_upper_right.png,761,273
01AVY0SK_upper_left.png,809,291
01AVY0SK_upper_right.png,793,289
01CCTTK4_lower_left.png,769,330
01CCTTK4_lower_right.png,763,330
01CCTTK4_upper_left.png,730,281
01CCTTK4_upper_right.png,744,284
01CCUKV4_lower_left.png,869,372
01CCUKV4_lower_right.png,873,368
01CCUKV4_upper_left.png,798,287
01CCUKV4_upper_right.png,799,283
01CDZ2WA_upper_left.png,764,267
01CDZ2WA_upper_right.png,774,263
01CJ68G2_upper_left.png,782,264
01CJ68G2_upper_right.png,829,278
01DXDP2R_upper_left.png,722,274
01DXDP2R_upper_right.png,722,272
01E1XHG8_lower_left.png,829,339
01E1XHG8_lower_right.png,838,341
01E1XHG8_upper_left.png,828,286
01E1XHG8_upper_right.png,826,291
01E5PXS8_lower_left.png,784,333
01E5PXS8_lower_right.png,803,339
01E5PXS8_upper_left.png,773,302
01E5PXS8_upper_right.png,786,305
01E5T402_lower_left.png,768,343
01E5T402_lower_right.png,767,342
01E5T402_upper_left.png,735,279
01E5T402_upper_right.png,734,276
01E5XG8Z_lower_left.png,800,329
01E5XG8Z_lower_right.png,800,328
01E5XG8Z_upper_left.png,786,285
01E5XG8Z_upper_right.png,787,282
01E66M2X_lower_left.png,772,342
01E66M2X_lower_right.png,790,358
01E66M2X_upper_left.png,782,289
01E66M2X_upper_right.png,780,286
01E7MMEF_lower_left.png,807,340
01E7MMEF_lower_right.png,828,346
01E7MMEF_upper_left.png,763,255
01E7MMEF_upper_right.png,755,252
01E84NTX_lower_left.png,771,356
01E84NTX_lower_right.png,766,358
01E84NTX_upper_left.png,766,307
01E84NTX_upper_right.png,782,310
01E9V1EX_lower_left.png,790,363
01E9V1EX_lower_right.png,767,357
01E9V1EX_upper_left.png,763,298
01E9V1EX_upper_right.png,771,307
01ECNYXT_lower_left.png,762,332
01ECNYXT_lower_right.png,759,331
01ECNYXT_upper_left.png,732,290
01ECNYXT_upper_right.png,766,311
01ECZRY6_lower_left.png,759,316
01ECZRY6_lower_right.png,770,319
01ECZRY6_upper_left.png,761,272
01ECZRY6_upper_right.png,755,276
01EDMPPZ_lower_left.png,790,331
01EDMPPZ_lower_right.png,801,333
01EDMPPZ_upper_left.png,778,256
01EDMPPZ_upper_right.png,780,259
01EGTCG0_upper_left.png,775,296
01EGTCG0_upper_right.png,771,295
01EH2EGV_lower_left.png,799,347
01EH2EGV_lower_right.png,798,343
01EH2EGV_upper_left.png,753,261
01EH2EGV_upper_right.png,757,267
01ENJ8TT_lower_left.png,773,348
01ENJ8TT_lower_right.png,773,341
01ENPFHF_upper_left.png,801,299
01ENPFHF_upper_right.png,794,293
01ETW4JZ_lower_left.png,843,337
01ETW4JZ_lower_right.png,850,341
01ETW4JZ_upper_left.png,832,286
01ETW4JZ_upper_right.png,840,287
01EU1338_upper_left.png,757,293
01EU1338_upper_right.png,780,306
01F4JV8X_lower_left.png,775,329
01F4JV8X_lower_right.png,778,327
01F4JV8X_upper_left.png,788,267
01F4JV8X_upper_right.png,778,267
01F4RGN8_upper_left.png,811,298
01F4RGN8_upper_right.png,812,298
01F4SYN8_upper_left.png,768,284
01F4SYN8_upper_right.png,769,286
01F6WV5D_lower_left.png,746,355
01F6WV5D_lower_right.png,742,351
01F6WV5D_upper_left.png,679,222
01F6WV5D_upper_right.png,679,221
01F737KT_lower_left.png,822,348
01F737KT_lower_right.png,836,350
01F737KT_upper_left.png,780,290
01F737KT_upper_right.png,779,285
01FAXM1D_upper_left.png,768,285
01FAXM1D_upper_right.png,776,277
01FAYE3T_lower_left.png,758,362
01FAYE3T_lower_right.png,772,367
01FAYE3T_upper_left.png,772,281
01FAYE3T_upper_right.png,765,280
01FC0082_lower_left.png,735,333
01FC0082_lower_right.png,741,340
01FC0082_upper_left.png,719,267
01FC0082_upper_right.png,727,258
01FC2D4A_lower_left.png,772,351
01FC2D4A_lower_right.png,763,348
01FC2D4A_upper_left.png,743,302
01FC2D4A_upper_right.png,749,304
01FG729R_lower_left.png,810,351
01FG729R_lower_right.png,834,364
01FG729R_upper_left.png,807,320
01FG729R_upper_right.png,790,299
01FGGPZX_lower_left.png,796,348
01FGGPZX_lower_right.png,793,353
01FGGPZX_upper_left.png,762,257
01FGGPZX_upper_right.png,769,255
01FGPDFR_lower_left.png,869,341
01FGPDFR_lower_right.png,862,342
01FGPDFR_upper_left.png,853,304
01FGPDFR_upper_right.png,858,301
01FJT0PR_upper_left.png,775,309
01FJT0PR_upper_right.png,778,308
01FJTJU6_upper_left.png,745,263
01FJTJU6_upper_right.png,745,266
01FPR7JA_lower_left.png,819,342
01FPR7JA_lower_right.png,815,343
01FPR7JA_upper_left.png,774,270
01FPR7JA_upper_right.png,803,282
01FPTYH2_lower_left.png,774,346
01FPTYH2_lower_right.png,782,343
01FPTYH2_upper_left.png,760,298
01FPTYH2_upper_right.png,778,300
01FPY2PZ_upper_left.png,765,266
01FPY2PZ_upper_right.png,764,266
01FR2S9H_upper_left.png,737,318
01FR2S9H_upper_right.png,736,313
01FR9KKX_lower_left.png,852,327
01FR9KKX_lower_right.png,854,327
01FR9KKX_upper_left.png,824,268
01FR9KKX_upper_right.png,810,259
01FURZ62_lower_left.png,791,317
01FURZ62_lower_right.png,769,312
01FURZ62_upper_left.png,771,296
01FURZ62_upper_right.png,789,297
01FUXUMF_upper_left.png,772,323
01FUXUMF_upper_right.png,772,318
01FUZ18R_lower_left.png,764,336
01FUZ18R_lower_right.png,769,336
01FUZ18R_upper_left.png,734,309
01FUZ18R_upper_right.png,728,310
01FV7258_lower_left.png,824,362
01FV7258_lower_right.png,819,360
01FV7258_upper_left.png,824,300
01FV7258_upper_right.png,796,289
01FX4X4R_lower_left.png,773,364
01FX4X4R_lower_right.png,784,364
01FX4X4R_upper_left.png,780,329
01FX4X4R_upper_right.png,778,324
01FX95TX_lower_left.png,774,307
01FX95TX_lower_right.png,772,308
01FX95TX_upper_left.png,779,297
01FX95TX_upper_right.png,776,297
01FYW6K6_upper_left.png,787,309
01FYW6K6_upper_right.png,775,307
01G1AKV2_lower_left.png,816,385
01G1AKV2_lower_right.png,820,379
01G1AKV2_upper_left.png,827,289
01G1AKV2_upper_right.png,827,289
01G1GYUF_lower_left.png,773,356
01G1GYUF_lower_right.png,776,355
01G1GYUF_upper_left.png,779,320
01G1GYUF_upper_right.png,775,316
01G1KN8Z_lower_left.png,778,341
01G1KN8Z_lower_right.png,781,346
01G1KN8Z_upper_left.png,752,283
01G1KN8Z_upper_right.png,750,282
01HJHZ5X_lower_left.png,794,348
01HJHZ5X_lower_right.png,793,347
01HJHZ5X_upper_left.png,773,293
01HJHZ5X_upper_right.png,771,292
01HJK61N_upper_left.png,827,279
01HJK61N_upper_right.png,823,275
01HJKFR8_upper_left.png,781,318
01HJKFR8_upper_right.png,801,313
01HMF5HV_lower_left.png,745,333
01HMF5HV_lower_right.png,743,333
01HMF5HV_upper_left.png,779,324
01HMF5HV_upper_right.png,781,325
01HMZ9RN_lower_left.png,783,346
01HMZ9RN_lower_right.png,785,345
01HMZ9RN_upper_left.png,772,282
01HMZ9RN_upper_right.png,773,282
01HXMTNF_lower_left.png,789,368
01HXMTNF_lower_right.png,782,355
01HXMTNF_upper_left.png,764,279
01HXMTNF_upper_right.png,773,276
01HXX9J8_upper_left.png,810,307
01HXX9J8_upper_right.png,809,313
01HY2W2Z_lower_left.png,769,333
01HY2W2Z_lower_right.png,770,333
01HY2W2Z_upper_left.png,788,301
01HY2W2Z_upper_right.png,793,301
01J07922_lower_left.png,796,337
01J07922_lower_right.png,798,333
01J07922_upper_left.png,784,325
01J07922_upper_right.png,776,322
01J1XXHR_upper_left.png,777,292
01J1XXHR_upper_right.png,784,295
01J24RCK_lower_left.png,878,378
01J24RCK_lower_right.png,880,372
01J24RCK_upper_left.png,838,289
01J24RCK_upper_right.png,816,279
01J4R99K_lower_left.png,772,348
01J4R99K_lower_right.png,788,355
01J4R99K_upper_left.png,750,314
01J4R99K_upper_right.png,732,314
01J4YSDX_lower_left.png,743,315
01J4YSDX_lower_right.png,746,315
01J4YSDX_upper_left.png,704,281
01J4YSDX_upper_right.png,706,279
01J54NZ0_lower_left.png,751,351
01J54NZ0_lower_right.png,753,351
01J54NZ0_upper_left.png,685,293
01J54NZ0_upper_right.png,693,292
01J9AXDD_upper_left.png,754,293
01J9AXDD_upper_right.png,754,292
01J9K9S6_lower_left.png,903,370
01J9K9S6_lower_right.png,898,367
01J9K9S6_upper_left.png,834,259
01J9K9S6_upper_right.png,826,254
01J9RWK6_lower_left.png,827,374
01J9RWK6_lower_right.png,840,375
01J9RWK6_upper_left.png,734,308
01J9RWK6_upper_right.png,739,311
01JH0154_upper_left.png,819,301
01JH0154_upper_right.png,810,296
01JHAGK0_lower_left.png,748,328
01JHAGK0_lower_right.png,744,330
01JHAGK0_upper_left.png,726,287
01JHAGK0_upper_right.png,738,287
01JHDRT4_upper_left.png,770,242
01JHDRT4_upper_right.png,771,242
01JM5T86_lower_left.png,762,316
01JM5T86_lower_right.png,767,315
01JM5T86_upper_left.png,790,304
01JM5T86_upper_right.png,788,304
01JNZKAX_upper_left.png,764,297
01JNZKAX_upper_right.png,763,296
01JZ8C06_lower_left.png,815,355
01JZ8C06_lower_right.png,816,356
01JZ8C06_upper_left.png,853,298
01JZ8C06_upper_right.png,856,298
01JZDW8K_upper_left.png,780,325
01JZDW8K_upper_right.png,781,326
01JZF0KX_lower_left.png,792,335
01JZF0KX_lower_right.png,805,340
01JZF0KX_upper_left.png,740,293
01JZF0KX_upper_right.png,728,283
01K17AN8_lower_left.png,789,347
01K17AN8_lower_right.png,793,349
01K17AN8_upper_left.png,772,298
01K17AN8_upper_right.png,768,296
01K3G866_lower_left.png,767,338
01K3G866_lower_right.png,774,337
01K3G866_upper_left.png,716,306
01K3G866_upper_right.png,696,299
01K5X8CN_lower_left.png,764,344
01K5X8CN_lower_right.png,761,344
01K5X8CN_upper_left.png,773,320
01K5X8CN_upper_right.png,779,317
01K6HYF6_lower_left.png,848,339
01K6HYF6_lower_right.png,839,343
01K6HYF6_upper_left.png,817,300
01K6HYF6_upper_right.png,824,308
01KAS2KD_lower_left.png,823,360
01KAS2KD_lower_right.png,825,361
01KAS2KD_upper_left.png,816,278
01KAS2KD_upper_right.png,806,279
01KC08MV_lower_left.png,762,339
01KC08MV_lower_right.png,762,338
01KC08MV_upper_left.png,773,317
01KC08MV_upper_right.png,775,314
01KCA1CT_upper_left.png,782,308
01KCA1CT_upper_right.png,772,308
01KEK90A_lower_left.png,762,321
01KEK90A_lower_right.png,754,321
01KEK90A_upper_left.png,757,307
01KEK90A_upper_right.png,753,303
01KEV6ET_upper_left.png,799,302
01KEV6ET_upper_right.png,802,303
01KJXCTX_lower_left.png,809,351
01KJXCTX_lower_right.png,799,352
01KJXCTX_upper_left.png,743,297
01KJXCTX_upper_right.png,759,306
01KK2DER_lower_left.png,801,374
01KK2DER_lower_right.png,810,374
01KK2DER_upper_left.png,782,285
01KK2DER_upper_right.png,774,281
01KK775H_upper_left.png,791,309
01KK775H_upper_right.png,792,308
01KKD7YK_lower_left.png,726,343
01KKD7YK_lower_right.png,727,337
01KKD7YK_upper_left.png,731,320
01KKD7YK_upper_right.png,713,316
01KRCSKD_lower_left.png,843,330
01KRCSKD_lower_right.png,846,329
01KRCSKD_upper_left.png,832,312
01KRCSKD_upper_right.png,812,304
01KRDUKX_lower_left.png,777,333
01KRDUKX_lower_right.png,780,326
01KRDUKX_upper_left.png,739,285
01KRDUKX_upper_right.png,734,282
01KRESY6_lower_left.png,801,343
01KRESY6_lower_right.png,797,344
01KRESY6_upper_left.png,786,280
01KRESY6_upper_right.png,795,281
01KTRG9K_lower_left.png,787,368
01KTRG9K_lower_right.png,790,368
01KTRG9K_upper_left.png,803,297
01KTRG9K_upper_right.png,808,299
01KTSH6A_lower_left.png,801,369
01KTSH6A_lower_right.png,800,368
01KTSH6A_upper_left.png,744,303
01KTSH6A_upper_right.png,720,301
01KXSC9K_lower_left.png,863,419
01KXSC9K_lower_right.png,866,419
01KXSC9K_upper_left.png,861,287
01KXSC9K_upper_right.png,861,281
01KXSPAA_lower_left.png,792,350
01KXSPAA_lower_right.png,798,351
01KXSPAA_upper_left.png,800,311
01KXSPAA_upper_right.png,801,311
01KY7E6A_lower_left.png,769,353
01KY7E6A_lower_right.png,774,356
01KY7E6A_upper_left.png,750,294
01KY7E6A_upper_right.png,745,295
01M0RWA6_lower_left.png,808,327
01M0RWA6_lower_right.png,799,327
01M10NMV_lower_left.png,802,336
01M10NMV_lower_right.png,807,333
01M10NMV_upper_left.png,734,265
01M10NMV_upper_right.png,731,265
01M24NSZ_lower_left.png,852,358
01M24NSZ_lower_right.png,813,339
01M3N1UK_lower_left.png,788,354
01M3N1UK_lower_right.png,790,355
01M3N1UK_upper_left.png,821,306
01M3N1UK_upper_right.png,805,297
01M6A1CH_lower_left.png,763,311
01M6A1CH_lower_right.png,772,311
01M6A1CH_upper_left.png,767,270
01M6A1CH_upper_right.png,767,269
01M6GFPV_upper_left.png,793,265
01M6GFPV_upper_right.png,795,265
01M6JVVN_lower_left.png,862,401
01M6JVVN_lower_right.png,861,405
01M6JVVN_upper_left.png,802,309
01M6JVVN_upper_right.png,780,298
01M6SK94_lower_left.png,726,316
01M6SK94_lower_right.png,735,317
01M6SK94_upper_left.png,746,313
01M6SK94_upper_right.png,741,313
01MAU84T_lower_left.png,723,325
01MAU84T_lower_right.png,716,326
01MAU84T_upper_left.png,731,302
01MAU84T_upper_right.png,749,312
01MAVHYZ_lower_left.png,780,361
01MAVHYZ_lower_right.png,784,362
01MAVHYZ_upper_left.png,822,311
01MAVHYZ_upper_right.png,820,313
01MAVT6A_lower_left.png,764,331
01MAVT6A_lower_right.png,771,326
01MAVT6A_upper_left.png,769,283
01MAVT6A_upper_right.png,776,283
01MCCA3X_lower_left.png,834,344
01MCCA3X_lower_right.png,820,340
01MCCA3X_upper_left.png,764,242
01MCCA3X_upper_right.png,763,243
01MCM1UK_lower_left.png,762,349
01MCM1UK_lower_right.png,763,349
01MCM1UK_upper_left.png,761,322
01MCM1UK_upper_right.png,762,321
01MCNDR0_lower_left.png,783,335
01MCNDR0_lower_right.png,788,335
01MCNDR0_upper_left.png,800,290
01MCNDR0_upper_right.png,811,299
01MGY4X8_lower_left.png,785,351
01MGY4X8_lower_right.png,792,350
07ZWIO50_lower_left.png,834,357
07ZWIO50_lower_right.png,841,356
07ZWIO50_upper_left.png,830,288
07ZWIO50_upper_right.png,826,286
08VJ02L0_upper_left.png,725,258
08VJ02L0_upper_right.png,738,255
09BMUY86_lower_left.png,788,330
09BMUY86_lower_right.png,805,332
09H2L7DM_upper_left.png,764,274
09H2L7DM_upper_right.png,767,273
09HRNJZ8_lower_left.png,857,421
09HRNJZ8_lower_right.png,852,419
09HRNJZ8_upper_left.png,854,366
09HRNJZ8_upper_right.png,856,369
0AAQ6BO3_lower_left.png,826,355
0AAQ6BO3_lower_right.png,833,358
0AAQ6BO3_upper_left.png,805,280
0AAQ6BO3_upper_right.png,803,278
0EAKT1CU_lower_left.png,820,358
0EAKT1CU_lower_right.png,831,366
0EAKT1CU_upper_left.png,794,304
0EAKT1CU_upper_right.png,781,303
0EJBIPTC_lower_left.png,853,333
0EJBIPTC_lower_right.png,841,330
0EJBIPTC_upper_left.png,815,284
0EJBIPTC_upper_right.png,826,288
0JN50XQR_lower_left.png,769,319
0JN50XQR_lower_right.png,763,315
0JN50XQR_upper_left.png,802,305
0JN50XQR_upper_right.png,808,303
0KIUZ4G5_lower_left.png,872,354
0KIUZ4G5_lower_right.png,900,353
0KIUZ4G5_upper_left.png,873,246
0KIUZ4G5_upper_right.png,863,241
0KPHM46Q_lower_left.png,827,342
0KPHM46Q_lower_right.png,823,342
0KPHM46Q_upper_left.png,809,271
0KPHM46Q_upper_right.png,808,273
0LF355FQ_upper_left.png,888,373
0LF355FQ_upper_right.png,867,370
0NH6X4SS_lower_left.png,791,446
0NH6X4SS_lower_right.png,801,449
0NH6X4SS_upper_left.png,814,392
0NH6X4SS_upper_right.png,818,387
0O4502M7_upper_left.png,829,279
0O4502M7_upper_right.png,818,280
0OF8OOCX_lower_left.png,853,315
0OF8OOCX_lower_right.png,843,302
0OF8OOCX_upper_left.png,784,224
0OF8OOCX_upper_right.png,779,225
0OTKQ5J9_lower_left.png,806,408
0OTKQ5J9_lower_right.png,808,407
0OTKQ5J9_upper_left.png,777,251
0OTKQ5J9_upper_right.png,776,255
0TMOBYXS_upper_left.png,744,264
0TMOBYXS_upper_right.png,740,264
0U1LI1CB_lower_left.png,781,399
0U1LI1CB_lower_right.png,781,402
0U1LI1CB_upper_left.png,828,373
0U1LI1CB_upper_right.png,838,366
0VFZZY32_lower_left.png,781,432
0VFZZY32_lower_right.png,770,429
0VFZZY32_upper_left.png,791,380
0VFZZY32_upper_right.png,790,383
0VYQUKGQ_upper_left.png,790,392
0VYQUKGQ_upper_right.png,782,387
0Y047OQK_upper_left.png,865,402
0Y047OQK_upper_right.png,844,402
12MM6PD7_lower_left.png,814,355
12MM6PD7_lower_right.png,816,355
12MM6PD7_upper_left.png,792,240
12MM6PD7_upper_right.png,790,245
13AFGBBC_lower_left.png,768,338
13AFGBBC_lower_right.png,770,337
1419YTY4_lower_left.png,763,416
1419YTY4_lower_right.png,740,409
1419YTY4_upper_left.png,823,371
1419YTY4_upper_right.png,816,370
14M656LK_upper_left.png,786,271
14M656LK_upper_right.png,778,260
15AIQVK8_lower_left.png,795,452
15AIQVK8_lower_right.png,800,448
15AIQVK8_upper_left.png,831,374
15AIQVK8_upper_right.png,845,370
1AX7AB2P_upper_left.png,837,395
1AX7AB2P_upper_right.png,847,394
1EC2MSZR_lower_left.png,869,313
1EC2MSZR_lower_right.png,844,302
1EC2MSZR_upper_left.png,778,237
1EC2MSZR_upper_right.png,774,235
1FJ3MLSY_lower_left.png,818,317
1FJ3MLSY_lower_right.png,821,318
1FJ3MLSY_upper_left.png,808,309
1FJ3MLSY_upper_right.png,817,311
1FKZ98MK_upper_left.png,821,384
1FKZ98MK_upper_right.png,815,385
1LYSVDBP_lower_left.png,796,324
1LYSVDBP_lower_right.png,795,323
1LYSVDBP_upper_left.png,772,287
1LYSVDBP_upper_right.png,777,288
1QHIL7V2_lower_left.png,822,317
1QHIL7V2_lower_right.png,825,317
1QHIL7V2_upper_left.png,775,250
1QHIL7V2_upper_right.png,771,250
1QI2XWMD_upper_left.png,778,369
1QI2XWMD_upper_right.png,783,372
1RT7WBH4_lower_left.png,752,388
1RT7WBH4_lower_right.png,770,407
202Z1L1N_upper_left.png,823,389
202Z1L1N_upper_right.png,825,389
20AHRBL3_upper_left.png,824,277
20AHRBL3_upper_right.png,814,280
211UTGV1_lower_left.png,848,415
211UTGV1_lower_right.png,847,417
211UTGV1_upper_left.png,876,368
211UTGV1_upper_right.png,859,363
22AEG48N_upper_left.png,853,281
22AEG48N_upper_right.png,866,284
230CAJXL_upper_left.png,829,374
230CAJXL_upper_right.png,848,380
26CY2H2Q_lower_left.png,798,347
26CY2H2Q_lower_right.png,792,348
26CY2H2Q_upper_left.png,755,291
26CY2H2Q_upper_right.png,754,284
270KABNB_upper_left.png,722,279
270KABNB_upper_right.png,707,273
276N3YRC_upper_left.png,851,380
276N3YRC_upper_right.png,856,380
28Q7CM3T_lower_left.png,793,390
28Q7CM3T_lower_right.png,795,392
28Q7CM3T_upper_left.png,860,381
28Q7CM3T_upper_right.png,849,377
2AK5QKZ7_upper_left.png,871,384
2AK5QKZ7_upper_right.png,874,386
2C4FVXU0_lower_left.png,797,331
2C4FVXU0_lower_right.png,805,330
2C4FVXU0_upper_left.png,784,283
2C4FVXU0_upper_right.png,781,279
2CE5VDAE_upper_left.png,736,286
2CE5VDAE_upper_right.png,757,289
2GB3W1J0_lower_left.png,861,426
2GB3W1J0_lower_right.png,858,425
2GB3W1J0_upper_left.png,836,360
2GB3W1J0_upper_right.png,823,357
2HTC4QTP_upper_left.png,786,282
2HTC4QTP_upper_right.png,783,284
2HVVCR7B_upper_left.png,769,384
2HVVCR7B_upper_right.png,767,386
2PNHPSAX_upper_left.png,818,375
2PNHPSAX_upper_right.png,817,378
2Q8KKZ6V_lower_left.png,828,394
2Q8KKZ6V_lower_right.png,844,397
2Q8KKZ6V_upper_left.png,870,358
2Q8KKZ6V_upper_right.png,867,356
2TPJ3FG9_lower_left.png,841,384
2TPJ3FG9_lower_right.png,841,382
2TPJ3FG9_upper_left.png,816,280
2TPJ3FG9_upper_right.png,823,283
2U54CEI3_lower_left.png,821,366
2U54CEI3_lower_right.png,823,363
2XV86U1F_lower_left.png,747,330
2XV86U1F_lower_right.png,746,327
2XV86U1F_upper_left.png,714,246
2XV86U1F_upper_right.png,738,249
2Z5OXS0K_upper_left.png,857,395
2Z5OXS0K_upper_right.png,864,385
35XFO1ZF_lower_left.png,853,438
35XFO1ZF_lower_right.png,852,439
35XFO1ZF_upper_left.png,865,383
35XFO1ZF_upper_right.png,876,386
38JDN4ZV_lower_left.png,760,333
38JDN4ZV_lower_right.png,751,335
38JDN4ZV_upper_left.png,687,272
38JDN4ZV_upper_right.png,695,275
3ARXXI22_lower_left.png,756,388
3ARXXI22_lower_right.png,762,391
3ARXXI22_upper_left.png,812,366
3ARXXI22_upper_right.png,816,369
3DDGECCR_upper_left.png,771,302
3DDGECCR_upper_right.png,768,302
3EIXXI7Z_lower_left.png,778,298
3EIXXI7Z_lower_right.png,775,298
3EIXXI7Z_upper_left.png,774,266
3EIXXI7Z_upper_right.png,771,261
3EU06ZN9_lower_left.png,860,447
3EU06ZN9_lower_right.png,872,440
3EU06ZN9_upper_left.png,976,338
3EU06ZN9_upper_right.png,977,337
3HRLKQ4M_upper_left.png,798,271
3HRLKQ4M_upper_right.png,796,279
3JCUF41E_lower_left.png,825,307
3JCUF41E_lower_right.png,811,308
3JCUF41E_upper_left.png,759,284
3JCUF41E_upper_right.png,775,291
3JVRS0V2_lower_left.png,841,334
3JVRS0V2_lower_right.png,847,333
3JVRS0V2_upper_left.png,789,243
3JVRS0V2_upper_right.png,792,242
3PLVMF2P_lower_left.png,788,416
3PLVMF2P_lower_right.png,815,426
3PLVMF2P_upper_left.png,844,381
3PLVMF2P_upper_right.png,830,373
3PSS0ONL_lower_left.png,768,360
3PSS0ONL_lower_right.png,769,359
3PSS0ONL_upper_left.png,741,273
3PSS0ONL_upper_right.png,743,277
3RHL4BKW_upper_left.png,794,401
3RHL4BKW_upper_right.png,800,402
3XXKPMWE_lower_left.png,771,337
3XXKPMWE_lower_right.png,772,337
3XXKPMWE_upper_left.png,791,293
3XXKPMWE_upper_right.png,801,295
3Y8A14TI_upper_left.png,787,403
3Y8A14TI_upper_right.png,784,404
45UD35GC_lower_left.png,822,330
45UD35GC_lower_right.png,803,322
45UD35GC_upper_left.png,791,263
45UD35GC_upper_right.png,798,269
460C7711_lower_left.png,775,360
460C7711_lower_right.png,790,363
460C7711_upper_left.png,760,264
460C7711_upper_right.png,765,267
4A02S6L3_lower_left.png,822,502
4A02S6L3_lower_right.png,811,496
4A02S6L3_upper_left.png,858,376
4A02S6L3_upper_right.png,849,374
4FEQPMVC_upper_left.png,839,369
4FEQPMVC_upper_right.png,836,372
4G9LHQ2X_upper_left.png,815,386
4G9LHQ2X_upper_right.png,845,380
4I10EMWA_lower_left.png,768,385
4I10EMWA_lower_right.png,762,386
4I10EMWA_upper_left.png,840,375
4I10EMWA_upper_right.png,843,378
4J24X0ES_lower_left.png,831,481
4J24X0ES_lower_right.png,819,478
4J24X0ES_upper_left.png,826,396
4J24X0ES_upper_right.png,826,395
4MC4KRQV_lower_left.png,792,345
4MC4KRQV_lower_right.png,785,343
4MC4KRQV_upper_left.png,802,273
4MC4KRQV_upper_right.png,810,279
4NEUQLYY_lower_left.png,822,451
4NEUQLYY_lower_right.png,825,457
4NEUQLYY_upper_left.png,824,385
4NEUQLYY_upper_right.png,821,376
4O6ZE6F3_upper_left.png,880,341
4O6ZE6F3_upper_right.png,863,338
4OPR2WF4_lower_left.png,727,272
4OPR2WF4_lower_right.png,755,270
4OPR2WF4_upper_left.png,769,275
4OPR2WF4_upper_right.png,767,273
4OTQF1P6_lower_left.png,837,330
4OTQF1P6_lower_right.png,850,335
4OTQF1P6_upper_left.png,808,258
4OTQF1P6_upper_right.png,791,263
4OWAG3SG_upper_left.png,825,371
4OWAG3SG_upper_right.png,819,375
4PW7S6FP_upper_left.png,784,352
4PW7S6FP_upper_right.png,788,354
4SA064Y7_lower_left.png,876,359
4SA064Y7_lower_right.png,876,362
4SA064Y7_upper_left.png,853,303
4SA064Y7_upper_right.png,863,304
4TXFGFJS_upper_left.png,831,391
4TXFGFJS_upper_right.png,833,385
4ZIK093I_lower_left.png,817,448
4ZIK093I_lower_right.png,852,464
4ZIK093I_upper_left.png,870,378
4ZIK093I_upper_right.png,869,380
50O9GUWT_lower_left.png,775,299
50O9GUWT_lower_right.png,775,294
50O9GUWT_upper_left.png,808,252
50O9GUWT_upper_right.png,807,252
51MXL2ZA_lower_left.png,811,308
51MXL2ZA_lower_right.png,795,304
51MXL2ZA_upper_left.png,797,241
51MXL2ZA_upper_right.png,800,236
54RS4WY0_lower_left.png,814,341
54RS4WY0_lower_right.png,813,338
54RS4WY0_upper_left.png,787,278
54RS4WY0_upper_right.png,790,280
552HVG7E_lower_left.png,778,301
552HVG7E_lower_right.png,780,302
552HVG7E_upper_left.png,798,256
552HVG7E_upper_right.png,802,257
55EXF0WK_lower_left.png,832,350
55EXF0WK_lower_right.png,815,344
55EXF0WK_upper_left.png,781,291
55EXF0WK_upper_right.png,777,301
56R9FBMK_lower_left.png,799,332
56R9FBMK_lower_right.png,803,330
56R9FBMK_upper_left.png,833,270
56R9FBMK_upper_right.png,833,265
58M9IXQ2_lower_left.png,801,347
58M9IXQ2_lower_right.png,799,349
58M9IXQ2_upper_left.png,776,224
58M9IXQ2_upper_right.png,783,231
5J9O0LG3_lower_left.png,734,452
5J9O0LG3_lower_right.png,734,449
5J9O0LG3_upper_left.png,842,377
5J9O0LG3_upper_right.png,836,378
5JOHQLJK_upper_left.png,805,370
5JOHQLJK_upper_right.png,794,365
5JRH5J6E_lower_left.png,823,387
5JRH5J6E_lower_right.png,842,402
5JRH5J6E_upper_left.png,844,383
5JRH5J6E_upper_right.png,856,396
5LP835GA_lower_left.png,769,376
5LP835GA_lower_right.png,779,376
5LP835GA_upper_left.png,804,387
5LP835GA_upper_right.png,801,385
5M23YGJN_upper_left.png,817,254
5M23YGJN_upper_right.png,800,240
5N1YM01F_lower_left.png,801,433
5N1YM01F_lower_right.png,778,429
5N1YM01F_upper_left.png,827,402
5N1YM01F_upper_right.png,827,401
5NMDP9FJ_upper_left.png,804,281
5NMDP9FJ_upper_right.png,789,281
5SD5BWLR_upper_left.png,781,287
5SD5BWLR_upper_right.png,781,288
5WCMFAT0_upper_left.png,724,280
5WCMFAT0_upper_right.png,725,288
653MMYW8_lower_left.png,787,454
653MMYW8_lower_right.png,785,448
653MMYW8_upper_left.png,832,368
653MMYW8_upper_right.png,846,370
67PV9M7X_lower_left.png,760,348
67PV9M7X_lower_right.png,769,351
6A019QAT_lower_left.png,843,426
6A019QAT_lower_right.png,844,431
6A019QAT_upper_left.png,841,360
6A019QAT_upper_right.png,846,355
6B5BDMQS_upper_left.png,802,383
6B5BDMQS_upper_right.png,796,385
6BWQC0CT_lower_left.png,800,311
6BWQC0CT_lower_right.png,802,310
6BWQC0CT_upper_left.png,767,273
6BWQC0CT_upper_right.png,766,275
6FUR0HKF_lower_left.png,810,464
6FUR0HKF_lower_right.png,810,470
6FUR0HKF_upper_left.png,839,349
6FUR0HKF_upper_right.png,841,351
6I8A5049_upper_left.png,760,311
6I8A5049_upper_right.png,757,304
6KPUNI4X_upper_left.png,793,239
6KPUNI4X_upper_right.png,794,239
6L4N5MA2_upper_left.png,874,401
6L4N5MA2_upper_right.png,874,401
6N26U3H8_lower_left.png,803,345
6N26U3H8_lower_right.png,801,343
6N26U3H8_upper_left.png,782,327
6N26U3H8_upper_right.png,795,328
6PNM29W7_lower_left.png,815,429
6PNM29W7_lower_right.png,782,406
6PNM29W7_upper_left.png,810,382
6PNM29W7_upper_right.png,825,387
6PTI2HX6_upper_left.png,898,374
6PTI2HX6_upper_right.png,909,377
6QJ5RART_upper_left.png,816,283
6QJ5RART_upper_right.png,818,284
6TVH3SNC_lower_left.png,735,324
6TVH3SNC_lower_right.png,740,325
6TVH3SNC_upper_left.png,739,263
6TVH3SNC_upper_right.png,731,260
6TZ254SP_lower_left.png,821,363
6TZ254SP_lower_right.png,821,363
6TZ254SP_upper_left.png,774,299
6TZ254SP_upper_right.png,774,295
6VX3OJFR_lower_left.png,816,356
6VX3OJFR_lower_right.png,799,347
6X24ILNE_upper_left.png,848,398
6X24ILNE_upper_right.png,850,386
6X2UD6H6_upper_left.png,811,382
6X2UD6H6_upper_right.png,809,382
6XSU5W4B_upper_left.png,824,291
6XSU5W4B_upper_right.png,816,290
725VOCK0_upper_left.png,791,283
725VOCK0_upper_right.png,797,285
78WMB1PB_upper_left.png,795,284
78WMB1PB_upper_right.png,810,281
79R5A68H_lower_left.png,791,409
79R5A68H_lower_right.png,789,410
79R5A68H_upper_left.png,860,388
79R5A68H_upper_right.png,858,392
7CPH3KRT_lower_left.png,842,420
7CPH3KRT_lower_right.png,819,410
7CPH3KRT_upper_left.png,863,360
7CPH3KRT_upper_right.png,847,365
7DRMXZ3A_lower_left.png,836,339
7DRMXZ3A_lower_right.png,830,324
7DRMXZ3A_upper_left.png,794,293
7DRMXZ3A_upper_right.png,769,287
7G52QKXB_upper_left.png,850,386
7G52QKXB_upper_right.png,847,392
7IGA0W6E_lower_left.png,811,362
7IGA0W6E_lower_right.png,818,363
7IGA0W6E_upper_left.png,776,299
7IGA0W6E_upper_right.png,806,307
7IKF2TIW_lower_left.png,809,362
7IKF2TIW_lower_right.png,808,362
7IKF2TIW_upper_left.png,823,294
7IKF2TIW_upper_right.png,810,294
7IYV2N3D_lower_left.png,809,391
7IYV2N3D_lower_right.png,805,391
7IYV2N3D_upper_left.png,769,291
7IYV2N3D_upper_right.png,770,297
7KRVT5N0_lower_left.png,806,394
7KRVT5N0_lower_right.png,804,397
7KRVT5N0_upper_left.png,819,369
7KRVT5N0_upper_right.png,819,372
7PQAZ8X1_lower_left.png,773,471
7PQAZ8X1_lower_right.png,774,471
7PQAZ8X1_upper_left.png,819,364
7PQAZ8X1_upper_right.png,817,361
7QW884Y4_lower_left.png,772,334
7QW884Y4_lower_right.png,779,334
7QW884Y4_upper_left.png,778,285
7QW884Y4_upper_right.png,776,282
80RPZWJT_lower_left.png,807,330
80RPZWJT_lower_right.png,822,345
80RPZWJT_upper_left.png,778,282
80RPZWJT_upper_right.png,772,278
82D9U6D6_upper_left.png,795,396
82D9U6D6_upper_right.png,791,394
82J9I2HU_lower_left.png,812,409
82J9I2HU_lower_right.png,810,407
82J9I2HU_upper_left.png,833,357
82J9I2HU_upper_right.png,832,354
85ARPPFY_lower_left.png,789,333
85ARPPFY_lower_right.png,794,338
85ARPPFY_upper_left.png,769,291
85ARPPFY_upper_right.png,765,289
87ILJ6BK_lower_left.png,758,329
87ILJ6BK_lower_right.png,783,332
87ILJ6BK_upper_left.png,762,252
87ILJ6BK_upper_right.png,765,251
87N5YSES_lower_left.png,829,482
87N5YSES_lower_right.png,819,482
87N5YSES_upper_left.png,840,377
87N5YSES_upper_right.png,836,377
8BA4388V_lower_left.png,843,372
8BA4388V_lower_right.png,848,371
8BA4388V_upper_left.png,831,302
8BA4388V_upper_right.png,821,299
8C8LPIIY_lower_left.png,815,330
8C8LPIIY_lower_right.png,839,344
8C8LPIIY_upper_left.png,808,287
8C8LPIIY_upper_right.png,789,287
8JYS0DD1_lower_left.png,863,303
8JYS0DD1_lower_right.png,865,303
8JYS0DD1_upper_left.png,794,268
8JYS0DD1_upper_right.png,817,279
8OHPQ7X8_lower_left.png,756,325
8OHPQ7X8_lower_right.png,751,327
8OHPQ7X8_upper_left.png,730,293
8OHPQ7X8_upper_right.png,737,297
8QFKXVYB_upper_left.png,879,379
8QFKXVYB_upper_right.png,884,378
8SLVB1AH_lower_left.png,794,382
8SLVB1AH_lower_right.png,802,382
8SLVB1AH_upper_left.png,775,267
8SLVB1AH_upper_right.png,759,265
8T3LV6TZ_lower_left.png,792,350
8T3LV6TZ_lower_right.png,804,350
8T3LV6TZ_upper_left.png,816,292
8T3LV6TZ_upper_right.png,802,294
8WZSZBYG_upper_left.png,854,366
8WZSZBYG_upper_right.png,853,371
8XVU7PN9_upper_left.png,795,399
8XVU7PN9_upper_right.png,795,400
918HS04U_lower_left.png,814,307
918HS04U_lower_right.png,804,307
918HS04U_upper_left.png,798,266
918HS04U_upper_right.png,802,264
92NOTURU_upper_left.png,746,274
92NOTURU_upper_right.png,753,276
949XHLS5_lower_left.png,759,293
949XHLS5_lower_right.png,752,288
949XHLS5_upper_left.png,745,276
949XHLS5_upper_right.png,751,275
9GSQBATD_lower_left.png,806,346
9GSQBATD_lower_right.png,799,345
9GSQBATD_upper_left.png,780,313
9GSQBATD_upper_right.png,787,315
9KDRM0A8_lower_left.png,728,334
9KDRM0A8_lower_right.png,724,335
9KDRM0A8_upper_left.png,742,303
9KDRM0A8_upper_right.png,737,295
9LWEGQLI_upper_left.png,885,393
9LWEGQLI_upper_right.png,880,390
9M60SBBP_lower_left.png,835,494
9M60SBBP_lower_right.png,820,483
9M60SBBP_upper_left.png,869,363
9M60SBBP_upper_right.png,855,367
9OOBRVB8_lower_left.png,809,449
9OOBRVB8_lower_right.png,806,443
9OOBRVB8_upper_left.png,827,416
9OOBRVB8_upper_right.png,813,409
9R5CDLK4_lower_left.png,793,312
9R5CDLK4_lower_right.png,796,312
9R5CDLK4_upper_left.png,777,268
9R5CDLK4_upper_right.png,778,270
9RXZC3H4_lower_left.png,848,322
9RXZC3H4_lower_right.png,851,323
9RXZC3H4_upper_left.png,811,295
9RXZC3H4_upper_right.png,818,297
9S7DPB1Q_lower_left.png,846,358
9S7DPB1Q_lower_right.png,850,361
9S7DPB1Q_upper_left.png,800,272
9S7DPB1Q_upper_right.png,804,273
9TLHF8TV_lower_left.png,808,323
9TLHF8TV_lower_right.png,812,324
9TLHF8TV_upper_left.png,844,300
9TLHF8TV_upper_right.png,851,300
9U19TREK_lower_left.png,806,338
9U19TREK_lower_right.png,793,326
9U19TREK_upper_left.png,781,277
9U19TREK_upper_right.png,802,286
9VI3MAFZ_upper_left.png,815,288
9VI3MAFZ_upper_right.png,822,286
9Y5UP7GB_lower_left.png,774,378
9Y5UP7GB_lower_right.png,775,378
9Y5UP7GB_upper_left.png,789,282
9Y5UP7GB_upper_right.png,759,269
9YQIGSGN_lower_left.png,824,353
9YQIGSGN_lower_right.png,824,352
9YQIGSGN_upper_left.png,782,280
9YQIGSGN_upper_right.png,775,277
9ZI8RSEP_lower_left.png,839,387
9ZI8RSEP_lower_right.png,850,394
9ZI8RSEP_upper_left.png,831,298
9ZI8RSEP_upper_right.png,831,304
A9TECAGP_lower_left.png,855,317
A9TECAGP_lower_right.png,856,312
A9TECAGP_upper_left.png,822,228
A9TECAGP_upper_right.png,828,228
AEOQ4Q9Q_lower_left.png,803,320
AEOQ4Q9Q_lower_right.png,805,321
AEOQ4Q9Q_upper_left.png,798,278
AEOQ4Q9Q_upper_right.png,801,273
AJP25A9G_lower_left.png,863,353
AJP25A9G_lower_right.png,856,357
AJP25A9G_upper_left.png,761,227
AJP25A9G_upper_right.png,770,226
AKBDPB4C_upper_left.png,770,275
AKBDPB4C_upper_right.png,765,274
AKHIE0CJ_lower_left.png,806,395
AKHIE0CJ_lower_right.png,810,396
AKHIE0CJ_upper_left.png,841,360
AKHIE0CJ_upper_right.png,837,367
ameziani_lower_left.png,855,385
ameziani_lower_right.png,841,376
ameziani_upper_left.png,854,354
ameziani_upper_right.png,845,352
ANLLPLV7_lower_left.png,761,328
ANLLPLV7_lower_right.png,760,329
ANLLPLV7_upper_left.png,736,314
ANLLPLV7_upper_right.png,736,316
API3O9JV_lower_left.png,755,336
API3O9JV_lower_right.png,744,333
API3O9JV_upper_left.png,759,285
API3O9JV_upper_right.png,757,285
APLDXK7R_lower_left.png,729,330
APLDXK7R_lower_right.png,726,329
AQLXAN8L_lower_left.png,815,370
AQLXAN8L_lower_right.png,815,371
AQLXAN8L_upper_left.png,766,324
AQLXAN8L_upper_right.png,763,322
ASUXPX7O_lower_left.png,750,334
ASUXPX7O_lower_right.png,750,336
ASUXPX7O_upper_left.png,744,273
ASUXPX7O_upper_right.png,755,268
AV3JBM98_lower_left.png,806,457
AV3JBM98_lower_right.png,804,456
AV3JBM98_upper_left.png,852,343
AV3JBM98_upper_right.png,851,343
AVI68NCT_lower_left.png,786,298
AVI68NCT_lower_right.png,785,300
AVI68NCT_upper_left.png,776,275
AVI68NCT_upper_right.png,785,271
AY0DEPFN_upper_left.png,773,289
AY0DEPFN_upper_right.png,776,293
AYJQ5YMF_upper_left.png,801,367
AYJQ5YMF_upper_right.png,801,356
AYSCFCO8_lower_left.png,830,359
AYSCFCO8_lower_right.png,834,356
AYSCFCO8_upper_left.png,799,267
AYSCFCO8_upper_right.png,796,261
B5708797_lower_left.png,747,355
B5708797_lower_right.png,747,352
B5708797_upper_left.png,739,315
B5708797_upper_right.png,735,316
B5GFZIRW_upper_left.png,783,381
B5GFZIRW_upper_right.png,781,381
B7JSFJPG_lower_left.png,791,365
B7JSFJPG_lower_right.png,792,365
B7JSFJPG_upper_left.png,779,328
B7JSFJPG_upper_right.png,774,325
B7ZCYID1_lower_left.png,794,450
B7ZCYID1_lower_right.png,796,451
B7ZCYID1_upper_left.png,808,387
B7ZCYID1_upper_right.png,840,401
B9TZ4IAO_lower_left.png,798,365
B9TZ4IAO_lower_right.png,797,366
B9TZ4IAO_upper_left.png,767,293
B9TZ4IAO_upper_right.png,770,294
baliwish_lower_left.png,873,419
baliwish_lower_right.png,881,418
baliwish_upper_left.png,914,369
baliwish_upper_right.png,910,368
BBHLWUPK_lower_left.png,804,366
BBHLWUPK_lower_right.png,810,366
BBHLWUPK_upper_left.png,765,264
BBHLWUPK_upper_right.png,754,260
BC0OWLNW_upper_left.png,875,378
BC0OWLNW_upper_right.png,883,362
BEONHKS1_lower_left.png,804,400
BEONHKS1_lower_right.png,800,413
BEONHKS1_upper_left.png,863,374
BEONHKS1_upper_right.png,857,375
BIIEY91S_lower_left.png,852,352
BIIEY91S_lower_right.png,857,352
BIIEY91S_upper_left.png,787,262
BIIEY91S_upper_right.png,792,260
BMQDU97G_lower_left.png,802,389
BMQDU97G_lower_right.png,801,383
BMQDU97G_upper_left.png,826,367
BMQDU97G_upper_right.png,833,368
BNQ3Q4G3_lower_left.png,775,426
BNQ3Q4G3_lower_right.png,777,422
BNQ3Q4G3_upper_left.png,809,373
BNQ3Q4G3_upper_right.png,776,379
BT6UVVI2_lower_left.png,833,481
BT6UVVI2_lower_right.png,824,478
BT6UVVI2_upper_left.png,813,394
BT6UVVI2_upper_right.png,816,393
BTDMOORI_lower_left.png,824,333
BTDMOORI_lower_right.png,826,333
BTDMOORI_upper_left.png,766,298
BTDMOORI_upper_right.png,774,294
BUGB9DY1_lower_left.png,780,325
BUGB9DY1_lower_right.png,783,324
BUGB9DY1_upper_left.png,777,276
BUGB9DY1_upper_right.png,768,278
BWWLPBF7_upper_left.png,793,277
BWWLPBF7_upper_right.png,804,277
C2SF98X5_lower_left.png,822,502
C2SF98X5_lower_right.png,811,496
C2SF98X5_upper_left.png,857,376
C2SF98X5_upper_right.png,848,374
C3TQ47Z0_lower_left.png,750,347
C3TQ47Z0_lower_right.png,749,352
C3TQ47Z0_upper_left.png,733,323
C3TQ47Z0_upper_right.png,738,327
C4EMFL0D_lower_left.png,769,456
C4EMFL0D_lower_right.png,772,457
C4EMFL0D_upper_left.png,796,393
C4EMFL0D_upper_right.png,799,387
C4LOTSKE_lower_left.png,838,432
C4LOTSKE_lower_right.png,832,428
C4LOTSKE_upper_left.png,894,380
C4LOTSKE_upper_right.png,889,377
C6C00RHE_lower_left.png,775,344
C6C00RHE_lower_right.png,781,337
C6C00RHE_upper_left.png,772,260
C6C00RHE_upper_right.png,752,256
C928TR28_lower_left.png,749,349
C928TR28_lower_right.png,749,352
C928TR28_upper_left.png,759,291
C928TR28_upper_right.png,762,286
CBH07YND_lower_left.png,828,366
CBH07YND_lower_right.png,828,361
CBH07YND_upper_left.png,809,304
CBH07YND_upper_right.png,818,305
CBSF6Q84_lower_left.png,757,318
CBSF6Q84_lower_right.png,752,322
CBSF6Q84_upper_left.png,759,325
CBSF6Q84_upper_right.png,753,324
CD81F1F4_lower_left.png,807,370
CD81F1F4_lower_right.png,820,370
CD81F1F4_upper_left.png,758,259
CD81F1F4_upper_right.png,750,261
CIGUMDD0_lower_left.png,782,341
CIGUMDD0_lower_right.png,782,341
CIGUMDD0_upper_left.png,813,314
CIGUMDD0_upper_right.png,825,317
CK45DVLG_lower_left.png,846,440
CK45DVLG_lower_right.png,859,442
CK45DVLG_upper_left.png,855,369
CK45DVLG_upper_right.png,861,379
CLNVA9MZ_upper_left.png,823,402
CLNVA9MZ_upper_right.png,828,401
CNUR69O9_upper_left.png,836,364
CNUR69O9_upper_right.png,834,370
CQZX40I5_lower_left.png,794,346
CQZX40I5_lower_right.png,806,348
CQZX40I5_upper_left.png,788,254
CQZX40I5_upper_right.png,801,256
CR6E6PTV_lower_left.png,796,351
CR6E6PTV_lower_right.png,798,350
CR6E6PTV_upper_left.png,773,295
CR6E6PTV_upper_right.png,768,293
CUOT8S6L_upper_left.png,752,376
CUOT8S6L_upper_right.png,749,376
CVTHSBS5_lower_left.png,806,344
CVTHSBS5_lower_right.png,823,355
CVTHSBS5_upper_left.png,788,243
CVTHSBS5_upper_right.png,777,241
CVXIS1C2_upper_left.png,798,287
CVXIS1C2_upper_right.png,790,289
CX7JD1LO_lower_left.png,741,317
CX7JD1LO_lower_right.png,743,318
CX7JD1LO_upper_left.png,727,269
CX7JD1LO_upper_right.png,734,270
CXAJM3O9_upper_left.png,731,242
CXAJM3O9_upper_right.png,735,246
CYU4HS3D_lower_left.png,848,422
CYU4HS3D_lower_right.png,840,419
CYU4HS3D_upper_left.png,842,382
CYU4HS3D_upper_right.png,842,382
CZ0XDR02_upper_left.png,819,267
CZ0XDR02_upper_right.png,815,266
D0NMVCKH_upper_left.png,868,377
D0NMVCKH_upper_right.png,855,377
D8FLAW28_lower_left.png,841,383
D8FLAW28_lower_right.png,838,383
D8FLAW28_upper_left.png,781,293
D8FLAW28_upper_right.png,782,296
DA6ONC9Z_lower_left.png,792,282
DA6ONC9Z_lower_right.png,795,282
DA6ONC9Z_upper_left.png,774,269
DA6ONC9Z_upper_right.png,770,264
DBNTTNY9_lower_left.png,842,367
DBNTTNY9_lower_right.png,866,385
DBNTTNY9_upper_left.png,788,257
DBNTTNY9_upper_right.png,768,250
DC8VMT30_lower_left.png,794,434
DC8VMT30_lower_right.png,796,433
DEBDX44O_lower_left.png,806,505
DEBDX44O_lower_right.png,840,523
DEBDX44O_upper_left.png,856,364
DEBDX44O_upper_right.png,843,373
DG27PDD4_upper_left.png,794,257
DG27PDD4_upper_right.png,784,257
DGUTSTAN_lower_left.png,833,422
DGUTSTAN_lower_right.png,834,422
DGUTSTAN_upper_left.png,827,367
DGUTSTAN_upper_right.png,835,369
DHS59TDF_lower_left.png,865,339
DHS59TDF_lower_right.png,856,322
DHS59TDF_upper_left.png,821,276
DHS59TDF_upper_right.png,809,276
DKDRMRFK_lower_left.png,808,464
DKDRMRFK_lower_right.png,801,462
DKZWON8N_lower_left.png,835,437
DKZWON8N_lower_right.png,852,440
DKZWON8N_upper_left.png,835,375
DKZWON8N_upper_right.png,833,374
DLVODLKR_lower_left.png,839,396
DLVODLKR_lower_right.png,806,392
DLVODLKR_upper_left.png,819,361
DLVODLKR_upper_right.png,816,367
DNDYES9U_lower_left.png,833,450
DNDYES9U_lower_right.png,828,448
DNDYES9U_upper_left.png,826,375
DNDYES9U_upper_right.png,825,375
DNSRP767_lower_left.png,820,318
DNSRP767_lower_right.png,813,314
DNSRP767_upper_left.png,826,283
DNSRP767_upper_right.png,820,278
DOMAN83I_upper_left.png,729,257
DOMAN83I_upper_right.png,719,260
DVVHA02D_lower_left.png,729,435
DVVHA02D_lower_right.png,733,434
DVVHA02D_upper_left.png,797,391
DVVHA02D_upper_right.png,802,388
DWXU0WC3_lower_left.png,743,332
DWXU0WC3_lower_right.png,780,348
DWXU0WC3_upper_left.png,737,305
DWXU0WC3_upper_right.png,716,299
DXNHHADD_lower_left.png,799,288
DXNHHADD_lower_right.png,780,289
DXNHHADD_upper_left.png,795,288
DXNHHADD_upper_right.png,798,287
E0CUCLHY_lower_left.png,781,328
E0CUCLHY_lower_right.png,780,322
E0CUCLHY_upper_left.png,782,279
E0CUCLHY_upper_right.png,803,295
E11NEPB6_lower_left.png,774,497
E11NEPB6_lower_right.png,770,490
E11NEPB6_upper_left.png,790,395
E11NEPB6_upper_right.png,792,390
E1OLNXQ5_lower_left.png,825,345
E1OLNXQ5_lower_right.png,825,344
E23G704K_lower_left.png,783,346
E23G704K_lower_right.png,782,348
E23G704K_upper_left.png,786,307
E23G704K_upper_right.png,789,298
E4GH1D3S_lower_left.png,854,414
E4GH1D3S_lower_right.png,853,414
E4GH1D3S_upper_left.png,853,377
E4GH1D3S_upper_right.png,856,377
E552BK9X_lower_left.png,759,288
E552BK9X_lower_right.png,750,299
E552BK9X_upper_left.png,814,238
E552BK9X_upper_right.png,821,252
EA8SBGX4_lower_left.png,777,326
EA8SBGX4_lower_right.png,798,339
EA8SBGX4_upper_left.png,802,330
EA8SBGX4_upper_right.png,801,332
EB6DQGAR_lower_left.png,817,408
EB6DQGAR_lower_right.png,835,408
EB6DQGAR_upper_left.png,835,384
EB6DQGAR_upper_right.png,826,384
EBSXE6SY_lower_left.png,778,321
EBSXE6SY_lower_right.png,773,315
EBSXE6SY_upper_left.png,785,321
EBSXE6SY_upper_right.png,789,321
EI585456_upper_left.png,836,395
EI585456_upper_right.png,833,392
EJWZZZRF_lower_left.png,806,333
EJWZZZRF_lower_right.png,827,345
EJWZZZRF_upper_left.png,808,280
EJWZZZRF_upper_right.png,793,283
EK26QFUW_upper_left.png,819,352
EK26QFUW_upper_right.png,824,362
EKITH3BB_upper_left.png,869,343
EKITH3BB_upper_right.png,869,345
ENQ0R553_upper_left.png,734,275
ENQ0R553_upper_right.png,749,281
ERCT8ZLW_upper_left.png,893,408
ERCT8ZLW_upper_right.png,898,407
EUCFQ9KW_lower_left.png,770,360
EUCFQ9KW_lower_right.png,771,361
EUCFQ9KW_upper_left.png,759,284
EUCFQ9KW_upper_right.png,755,285
EVWJL2PL_upper_left.png,897,363
EVWJL2PL_upper_right.png,905,359
F5NBC5X3_upper_left.png,820,366
F5NBC5X3_upper_right.png,821,367
F892DPWZ_upper_left.png,804,374
F892DPWZ_upper_right.png,805,373
F92OKIOI_upper_left.png,852,394
F92OKIOI_upper_right.png,845,387
FA7LBP95_lower_left.png,797,378
FA7LBP95_lower_right.png,804,373
FA7LBP95_upper_left.png,783,259
FA7LBP95_upper_right.png,767,259
FBZLIQ1L_lower_left.png,808,314
FBZLIQ1L_lower_right.png,805,323
FBZLIQ1L_upper_left.png,838,290
FBZLIQ1L_upper_right.png,821,286
FGXB4D4K_lower_left.png,790,279
FGXB4D4K_lower_right.png,793,283
FGXB4D4K_upper_left.png,763,204
FGXB4D4K_upper_right.png,766,207
FHA6N618_lower_left.png,791,339
FHA6N618_lower_right.png,788,337
FHA6N618_upper_left.png,790,299
FHA6N618_upper_right.png,791,299
FJPU30RL_lower_left.png,749,371
FJPU30RL_lower_right.png,757,377
FJPU30RL_upper_left.png,731,292
FJPU30RL_upper_right.png,729,296
FJS5HCDU_lower_left.png,813,317
FJS5HCDU_lower_right.png,809,317
FJS5HCDU_upper_left.png,764,250
FJS5HCDU_upper_right.png,777,242
FKSYZ9LA_lower_left.png,837,326
FKSYZ9LA_lower_right.png,830,323
FKSYZ9LA_upper_left.png,811,267
FKSYZ9LA_upper_right.png,809,265
FUYJPUPX_lower_left.png,797,429
FUYJPUPX_lower_right.png,784,425
FUYJPUPX_upper_left.png,812,386
FUYJPUPX_upper_right.png,816,383
FWTHWWD3_lower_left.png,774,332
FWTHWWD3_lower_right.png,765,327
FWTHWWD3_upper_left.png,762,265
FWTHWWD3_upper_right.png,745,258
FXMJG80Y_upper_left.png,770,261
FXMJG80Y_upper_right.png,772,262
G29MBJ1O_lower_left.png,756,313
G29MBJ1O_lower_right.png,751,313
G29MBJ1O_upper_left.png,727,273
G29MBJ1O_upper_right.png,732,268
G3IG4NVH_upper_left.png,838,376
G3IG4NVH_upper_right.png,842,374
G73V8OVW_lower_left.png,808,350
G73V8OVW_lower_right.png,810,348
G73V8OVW_upper_left.png,780,267
G73V8OVW_upper_right.png,769,267
GANLQSL1_lower_left.png,808,401
GANLQSL1_lower_right.png,801,400
GANLQSL1_upper_left.png,829,343
GANLQSL1_upper_right.png,810,336
GB5JUSDJ_lower_left.png,834,358
GB5JUSDJ_lower_right.png,834,358
GB5JUSDJ_upper_left.png,766,277
GB5JUSDJ_upper_right.png,781,277
GBRCT97W_lower_left.png,782,340
GBRCT97W_lower_right.png,782,337
GBRCT97W_upper_left.png,762,249
GBRCT97W_upper_right.png,765,247
GE7LXGDG_lower_left.png,840,325
GE7LXGDG_lower_right.png,842,327
GE7LXGDG_upper_left.png,744,201
GE7LXGDG_upper_right.png,741,200
GG5ARUVQ_lower_left.png,838,350
GG5ARUVQ_lower_right.png,830,347
GG5ARUVQ_upper_left.png,812,259
GG5ARUVQ_upper_right.png,811,257
GK7OJEPT_lower_left.png,801,317
GK7OJEPT_lower_right.png,807,317
GK7OJEPT_upper_left.png,784,260
GK7OJEPT_upper_right.png,787,264
GNR6QR3P_lower_left.png,792,354
GNR6QR3P_lower_right.png,795,350
GNR6QR3P_upper_left.png,779,293
GNR6QR3P_upper_right.png,777,293
GPADPK3N_lower_left.png,784,304
GPADPK3N_lower_right.png,791,301
GPADPK3N_upper_left.png,794,266
GPADPK3N_upper_right.png,795,266
GRG0112S_lower_left.png,807,322
GRG0112S_lower_right.png,810,323
GRG0112S_upper_left.png,815,286
GRG0112S_upper_right.png,822,287
GSHA8E4C_upper_left.png,802,271
GSHA8E4C_upper_right.png,802,272
GSICB2I6_lower_left.png,812,368
GSICB2I6_lower_right.png,811,368
GSICB2I6_upper_left.png,835,354
GSICB2I6_upper_right.png,828,347
GW8YVYNF_lower_left.png,790,337
GW8YVYNF_lower_right.png,793,337
GW8YVYNF_upper_left.png,808,275
GW8YVYNF_upper_right.png,801,276
H1HUQBYJ_lower_left.png,773,290
H1HUQBYJ_lower_right.png,759,284
H1HUQBYJ_upper_left.png,772,279
H1HUQBYJ_upper_right.png,789,275
H205AOTN_upper_left.png,781,263
H205AOTN_upper_right.png,785,263
H5EFRXCQ_upper_left.png,792,385
H5EFRXCQ_upper_right.png,792,383
H79I7NHI_lower_left.png,736,306
H79I7NHI_lower_right.png,747,305
H79I7NHI_upper_left.png,822,296
H79I7NHI_upper_right.png,826,293
H83RDQT1_lower_left.png,800,373
H83RDQT1_lower_right.png,794,372
H83RDQT1_upper_left.png,741,284
H83RDQT1_upper_right.png,744,285
H8RSX6T2_lower_left.png,826,344
H8RSX6T2_lower_right.png,819,344
H8RSX6T2_upper_left.png,760,282
H8RSX6T2_upper_right.png,768,287
H9EM9IEE_lower_left.png,824,348
H9EM9IEE_lower_right.png,822,348
HCGXNZ4O_upper_left.png,715,286
HCGXNZ4O_upper_right.png,704,284
HDVYC7UQ_upper_left.png,812,287
HDVYC7UQ_upper_right.png,803,286
HE565KIU_upper_left.png,823,392
HE565KIU_upper_right.png,822,397
HJ9PT4DQ_lower_left.png,783,346
HJ9PT4DQ_lower_right.png,783,340
HJ9PT4DQ_upper_left.png,773,314
HJ9PT4DQ_upper_right.png,773,311
HJMHHU6N_upper_left.png,749,248
HJMHHU6N_upper_right.png,758,248
HLA5ODT6_upper_left.png,815,273
HLA5ODT6_upper_right.png,816,273
HPVH85IJ_lower_left.png,761,339
HPVH85IJ_lower_right.png,764,341
HPVH85IJ_upper_left.png,727,269
HPVH85IJ_upper_right.png,722,271
HQN0ZJDP_lower_left.png,770,339
HQN0ZJDP_lower_right.png,773,338
HQN0ZJDP_upper_left.png,783,253
HQN0ZJDP_upper_right.png,799,258
HSY4YB1J_lower_left.png,821,320
HSY4YB1J_lower_right.png,824,318
HSY4YB1J_upper_left.png,766,272
HSY4YB1J_upper_right.png,765,268
HT9XQCYL_upper_left.png,800,292
HT9XQCYL_upper_right.png,794,291
HWO9T72O_lower_left.png,783,349
HWO9T72O_lower_right.png,770,342
HWO9T72O_upper_left.png,779,276
HWO9T72O_upper_right.png,783,270
HZH8DYC7_lower_left.png,856,392
HZH8DYC7_lower_right.png,864,400
HZH8DYC7_upper_left.png,877,371
HZH8DYC7_upper_right.png,875,371
I004CBAW_lower_left.png,814,336
I004CBAW_lower_right.png,819,340
I004CBAW_upper_left.png,788,309
I004CBAW_upper_right.png,803,307
I04GI3H5_lower_left.png,808,519
I04GI3H5_lower_right.png,818,512
I04GI3H5_upper_left.png,833,396
I04GI3H5_upper_right.png,803,382
I13W39XQ_upper_left.png,825,363
I13W39XQ_upper_right.png,830,363
I3PL4JRE_lower_left.png,826,348
I3PL4JRE_lower_right.png,825,348
I3PL4JRE_upper_left.png,792,303
I3PL4JRE_upper_right.png,794,298
I3T81ZK8_lower_left.png,799,471
I3T81ZK8_lower_right.png,812,476
I3T81ZK8_upper_left.png,834,396
I3T81ZK8_upper_right.png,812,392
I8CPN1UN_lower_left.png,832,343
I8CPN1UN_lower_right.png,813,332
I8CPN1UN_upper_left.png,787,292
I8CPN1UN_upper_right.png,789,288
I8V5YEDR_upper_left.png,856,367
I8V5YEDR_upper_right.png,815,354
I9OKVRWS_lower_left.png,837,469
I9OKVRWS_lower_right.png,842,473
I9OKVRWS_upper_left.png,868,376
I9OKVRWS_upper_right.png,868,375
I9TWNSD1_lower_left.png,845,446
I9TWNSD1_lower_right.png,855,455
I9TWNSD1_upper_left.png,873,366
I9TWNSD1_upper_right.png,869,367
IAKXN91M_lower_left.png,800,342
IAKXN91M_lower_right.png,816,345
IAKXN91M_upper_left.png,792,283
IAKXN91M_upper_right.png,797,277
