Filename,X1,Y1,X2,Y2

00OMSZGW_lower_combined.png,777,492,2310,487
00OMSZGW_upper_combined.png,817,371,2258,373
01328DDN_lower_combined.png,815,352,2247,353
01328DDN_upper_combined.png,806,295,2273,291
0132CR0A_lower_combined.png,786,332,2296,328
0132CR0A_upper_combined.png,751,287,2306,294
01343APK_lower_combined.png,807,353,2255,361
01343APK_upper_combined.png,784,314,2297,307
01346914_lower_combined.png,770,342,2298,343
01346914_upper_combined.png,729,326,2336,329
013475VT_lower_combined.png,796,341,2276,341
013475VT_upper_combined.png,764,287,2318,283
013FHA7K_lower_combined.png,844,369,2229,369
013FHA7K_upper_combined.png,799,276,2289,276
013FWKMZ_lower_combined.png,831,341,2286,332
013FWKMZ_upper_combined.png,787,281,2267,293
013H18FF_lower_combined.png,794,352,2259,354
013H18FF_upper_combined.png,764,288,2299,296
013H3Y8H_lower_combined.png,865,357,2207,356
013H3Y8H_upper_combined.png,814,287,2260,288
013JX8W4_lower_combined.png,830,328,2237,324
013JX8W4_upper_combined.png,787,285,2287,282
013NUWYR_lower_combined.png,828,243,2253,236
013NUWYR_upper_combined.png,845,280,2242,272
013NXHPV_lower_combined.png,821,293,2261,288
013NXHPV_upper_combined.png,788,249,2281,251
013NXP1H_lower_combined.png,816,357,2235,362
013NXP1H_upper_combined.png,776,268,2339,255
013TGCFK_lower_combined.png,762,336,2306,343
013TGCFK_upper_combined.png,744,277,2335,281
013TXGFK_lower_combined.png,835,363,2247,360
013TXGFK_upper_combined.png,769,256,2311,252
013V9CKV_lower_combined.png,806,332,2267,342
013V9CKV_upper_combined.png,792,264,2279,266
013VGW18_lower_combined.png,780,354,2310,351
013VGW18_upper_combined.png,770,295,2298,294
013Z78FX_lower_combined.png,819,380,2250,372
013Z78FX_upper_combined.png,754,312,2320,312
013Z8U5Z_lower_combined.png,2292,346,2292,352
013Z8U5Z_upper_combined.png,716,301,2338,303
013Z9SM2_lower_combined.png,825,332,2246,328
013Z9SM2_upper_combined.png,792,289,2273,287
013ZD6EX_lower_combined.png,732,325,2341,322
013ZD6EX_upper_combined.png,721,307,2348,304
0140E7V2_lower_combined.png,730,352,2344,354
0140E7V2_upper_combined.png,761,303,2314,300
0140U5D6_lower_combined.png,738,321,2326,323
0140U5D6_upper_combined.png,696,290,2383,287
0140VD2R_upper_combined.png,759,323,2316,317
0140W3ND_upper_combined.png,807,250,2267,250
0140XF2Z_lower_combined.png,773,347,2298,347
0140XF2Z_upper_combined.png,750,290,2317,292
0140YFGV_lower_combined.png,788,350,2279,344
0140YFGV_upper_combined.png,771,287,2301,285
01422MSK_lower_combined.png,739,302,2317,313
01422MSK_upper_combined.png,754,291,2312,291
0142CYK4_lower_combined.png,787,336,2285,330
0142CYK4_upper_combined.png,745,296,2327,293
0145FC8N_lower_combined.png,817,342,2257,341
0145FC8N_upper_combined.png,720,267,2343,273
0145NKWZ_upper_combined.png,846,273,2229,272
0148UTKX_lower_combined.png,816,337,2249,336
0148UTKX_upper_combined.png,785,327,2293,325
0148VUFR_lower_combined.png,778,336,2279,343
0148VUFR_upper_combined.png,770,283,2299,286
014996KX_lower_combined.png,840,352,2228,352
014996KX_upper_combined.png,814,299,2262,300
014ADZ2K_lower_combined.png,805,323,2268,322
014ADZ2K_upper_combined.png,799,307,2271,309
014EZU5V_lower_combined.png,822,344,2251,344
014EZU5V_upper_combined.png,785,283,2280,285
014F2T8F_lower_combined.png,834,377,2236,373
014F2T8F_upper_combined.png,795,287,2282,285
014F9HTN_lower_combined.png,783,319,2280,318
014JJ942_lower_combined.png,784,313,2293,306
014JJ942_upper_combined.png,770,278,2295,273
014JUMCF_upper_combined.png,721,268,2357,261
014JV25R_lower_combined.png,772,301,2297,301
014JV25R_upper_combined.png,752,282,2315,294
014M2HZD_lower_combined.png,828,343,2233,348
014M2HZD_upper_combined.png,850,296,2228,297
014RZJT4_lower_combined.png,818,320,2244,323
014RZJT4_upper_combined.png,783,246,2286,252
014RZUKF_lower_combined.png,795,370,2275,370
014RZUKF_upper_combined.png,737,273,2341,262
014S002X_lower_combined.png,792,342,2275,341
014S002X_upper_combined.png,796,298,2277,303
014WKP6A_lower_combined.png,827,361,2241,362
014WKP6A_upper_combined.png,788,277,2286,284
014X0F4K_upper_combined.png,767,302,2303,299
014Z13Z2_lower_combined.png,812,333,2267,333
014Z13Z2_upper_combined.png,785,278,2267,279
014Z1E5D_lower_combined.png,843,334,2225,336
014Z1E5D_upper_combined.png,834,280,2235,279
014ZTSJ8_lower_combined.png,827,346,2238,344
014ZTSJ8_upper_combined.png,776,288,2311,286
014ZTUSK_lower_combined.png,816,351,2256,351
014ZTUSK_upper_combined.png,757,255,2304,251
014ZWMZ8_lower_combined.png,782,334,2287,334
014ZWMZ8_upper_combined.png,760,284,2335,285
01502VH6_upper_combined.png,806,319,2266,321
0151RHMK_lower_combined.png,756,316,2305,316
0151RHMK_upper_combined.png,786,296,2292,288
01533UH2_lower_combined.png,854,344,2213,347
01533W1T_lower_combined.png,764,300,2320,300
01533W1T_upper_combined.png,760,274,2305,275
0154PPVX_lower_combined.png,807,377,2276,377
0154PPVX_upper_combined.png,756,279,2324,277
0154T9CN_lower_combined.png,831,359,2252,357
0154T9CN_upper_combined.png,813,271,2260,270
01558X1D_lower_combined.png,775,349,2317,349
01558X1D_upper_combined.png,745,269,2320,270
0155EZ2V_lower_combined.png,762,344,2295,344
0155EZ2V_upper_combined.png,721,321,2338,329
0158JZXN_lower_combined.png,779,347,2295,349
0158JZXN_upper_combined.png,797,281,2270,278
0158T9ED_lower_combined.png,826,350,2241,351
0158T9ED_upper_combined.png,800,255,2273,255
0158XRYK_lower_combined.png,836,356,2232,354
0158XRYK_upper_combined.png,815,308,2265,309
0159CS26_lower_combined.png,768,359,2310,358
0159CS26_upper_combined.png,773,267,2301,265
015DK78F_lower_combined.png,860,354,2228,341
015DK78F_upper_combined.png,793,257,2286,248
015DTXR8_lower_combined.png,787,344,2295,350
015DTXR8_upper_combined.png,748,281,2318,282
015DUP26_lower_combined.png,738,356,2335,356
015DUP26_upper_combined.png,730,285,2346,284
015DXGZH_lower_combined.png,772,306,2298,306
015DXGZH_upper_combined.png,731,260,2311,274
015KFJV6_lower_combined.png,818,320,2253,324
015KFJV6_upper_combined.png,798,298,2269,303
015KRWDT_lower_combined.png,763,344,2296,348
015KRWDT_upper_combined.png,759,294,2319,292
015RHV4X_lower_combined.png,707,267,2363,266
015RHV4X_upper_combined.png,770,295,2323,282
015RM178_lower_combined.png,836,333,2242,333
015RM178_upper_combined.png,774,303,2281,307
015SUFFX_lower_combined.png,799,334,2271,334
015SUFFX_upper_combined.png,747,288,2316,291
015SW0RN_lower_combined.png,822,341,2250,338
015SW0RN_upper_combined.png,777,280,2298,276
015WW8D6_lower_combined.png,786,379,2292,371
015WW8D6_upper_combined.png,729,259,2353,255
015WXFRN_lower_combined.png,839,361,2249,344
015WXFRN_upper_combined.png,790,304,2285,297
015WYXSK_lower_combined.png,834,354,2231,354
015WYXSK_upper_combined.png,789,269,2278,276
015XE9MT_lower_combined.png,825,329,2246,330
015XE9MT_upper_combined.png,803,269,2265,273
0160NTKK_lower_combined.png,779,302,2295,301
0160NTKK_upper_combined.png,795,289,2274,292
0165W7J4_lower_combined.png,775,325,2293,326
0165W7J4_upper_combined.png,776,304,2301,305
01661EUZ_lower_combined.png,813,355,2267,355
01661EUZ_upper_combined.png,809,283,2260,280
0166M778_lower_combined.png,781,301,2306,287
0166M778_upper_combined.png,768,272,2306,269
0169NHT6_lower_combined.png,849,349,2221,348
0169NHT6_upper_combined.png,830,283,2245,280
016A053T_lower_combined.png,760,285,2315,278
016A053T_upper_combined.png,766,276,2304,273
016FSM14_upper_combined.png,768,295,2300,304
016FT33T_lower_combined.png,768,335,2304,335
016FT33T_upper_combined.png,749,265,2326,266
016G9TFH_lower_combined.png,825,378,2251,379
016G9TFH_upper_combined.png,803,290,2275,289
016KWDMV_upper_combined.png,834,323,2243,316
016N696F_lower_combined.png,769,312,2311,311
016N696F_upper_combined.png,817,327,2254,334
016NA0VD_lower_combined.png,800,320,2272,314
016NA0VD_upper_combined.png,770,285,2313,280
016PTY8K_upper_combined.png,806,264,2261,264
016SVMHT_lower_combined.png,789,336,2280,335
016SVMHT_upper_combined.png,770,299,2304,295
016T6810_lower_combined.png,774,346,2299,344
016T6810_upper_combined.png,744,284,2331,282
016T80GN_lower_combined.png,803,342,2270,342
016T80GN_upper_combined.png,808,285,2263,280
016THRCV_lower_combined.png,849,364,2218,361
016THRCV_upper_combined.png,796,287,2271,292
016X1CJT_lower_combined.png,814,375,2246,369
016X1CJT_upper_combined.png,786,269,2282,267
016XWJ8X_lower_combined.png,809,342,2263,346
016XWJ8X_upper_combined.png,818,329,2237,326
016Y55Z0_upper_combined.png,758,284,2317,288
0171X5EV_lower_combined.png,791,343,2281,345
0171X5EV_upper_combined.png,793,281,2283,279
0175DC9K_lower_combined.png,826,360,2245,362
0175DC9K_upper_combined.png,791,293,2289,289
0175MHGN_lower_combined.png,828,338,2233,338
0175MHGN_upper_combined.png,787,249,2292,249
0177JSNX_lower_combined.png,765,341,2308,341
0177JSNX_upper_combined.png,749,329,2315,326
0178P1CT_lower_combined.png,821,331,2242,331
0178P1CT_upper_combined.png,800,277,2257,279
0178PAPZ_lower_combined.png,798,357,2272,362
0178PAPZ_upper_combined.png,792,333,2277,331
017APYC4_lower_combined.png,780,365,2310,349
017APYC4_upper_combined.png,758,270,2282,301
017FADFV_lower_combined.png,852,353,2226,359
017FADFV_upper_combined.png,759,275,2306,273
017FHD6X_upper_combined.png,761,290,2307,295
017U0890_lower_combined.png,792,348,2280,344
017U0890_upper_combined.png,774,271,2311,273
017U1TED_lower_combined.png,781,327,2285,330
017U1TED_upper_combined.png,778,309,2294,306
017U3R3T_lower_combined.png,772,235,2302,228
017UWE8F_lower_combined.png,802,341,2273,339
017UWE8F_upper_combined.png,718,285,2352,283
017UXKRN_lower_combined.png,860,365,2219,356
017UXKRN_upper_combined.png,852,288,2240,280
017UYAW4_lower_combined.png,803,338,2263,337
017UYAW4_upper_combined.png,776,280,2298,285
017YFPPR_lower_combined.png,846,360,2228,360
017YFPPR_upper_combined.png,828,286,2228,284
018RHCTX_lower_combined.png,780,304,2290,304
018RHCTX_upper_combined.png,748,286,2324,287
018RSPYF_lower_combined.png,797,350,2278,346
018RSPYF_upper_combined.png,771,303,2315,296
018UV7KV_upper_combined.png,773,292,2303,289
018VF1PV_lower_combined.png,807,365,2263,365
018VF1PV_upper_combined.png,777,303,2305,303
018W5JTD_lower_combined.png,809,351,2267,351
018W5JTD_upper_combined.png,800,285,2268,283
018XZVD6_upper_combined.png,737,292,2360,282
01909P9K_lower_combined.png,812,354,2260,353
01909P9K_upper_combined.png,784,292,2291,295
0191WKPV_lower_combined.png,766,325,2313,330
0191WKPV_upper_combined.png,778,303,2301,301
0199XT22_upper_combined.png,801,310,2256,309
019CNYA6_lower_combined.png,764,328,2319,328
019CP4YZ_lower_combined.png,803,326,2251,330
019CP4YZ_upper_combined.png,814,294,2256,293
019EJZFH_lower_combined.png,825,358,2245,362
019EJZFH_upper_combined.png,792,292,2285,291
019EK6N2_lower_combined.png,794,362,2289,354
019EK6N2_upper_combined.png,772,289,2316,284
019EMA3D_lower_combined.png,812,377,2252,377
019EMA3D_upper_combined.png,751,299,2315,296
019GEJTN_lower_combined.png,720,356,2353,358
019GEJTN_upper_combined.png,718,317,2352,317
019M7KEN_upper_combined.png,754,287,2313,286
019NJEW6_lower_combined.png,782,360,2288,359
019NJEW6_upper_combined.png,736,284,2330,288
019NTT78_lower_combined.png,755,326,2303,338
019NTT78_upper_combined.png,787,290,2338,278
019NUXJV_upper_combined.png,746,310,2321,307
019P6PZD_lower_combined.png,834,352,2243,347
019P6PZD_upper_combined.png,796,262,2275,258
019PEUMN_lower_combined.png,891,393,2198,372
019PEUMN_upper_combined.png,849,278,2236,279
019TTV1D_lower_combined.png,810,377,2261,376
019TTV1D_upper_combined.png,794,320,2285,316
019TUUZD_upper_combined.png,781,309,2305,311
019Z31A2_lower_combined.png,840,388,2243,385
019Z31A2_upper_combined.png,764,292,2311,290
019Z57FF_lower_combined.png,785,347,2287,348
019Z57FF_upper_combined.png,779,299,2292,298
019ZGSJR_lower_combined.png,772,337,2312,325
019ZGSJR_upper_combined.png,789,286,2313,271
019ZHT7Z_lower_combined.png,739,338,2329,333
019ZHT7Z_upper_combined.png,758,324,2315,322
019ZJY1H_lower_combined.png,831,362,2242,359
019ZJY1H_upper_combined.png,804,318,2271,319
019ZKUHV_lower_combined.png,808,331,2264,329
019ZKUHV_upper_combined.png,766,270,2311,264
019ZMN7R_upper_combined.png,776,291,2297,291
01A6GW4A_lower_combined.png,870,338,2206,336
01A6GW4A_upper_combined.png,823,267,2264,268
01A6H4PZ_lower_combined.png,803,281,2305,274
01A6H4PZ_upper_combined.png,795,294,2256,298
01A6HAN6_lower_combined.png,788,335,2281,338
01A6HAN6_upper_combined.png,724,297,2347,298
01A6HE9H_lower_combined.png,802,363,2260,367
01A6HE9H_upper_combined.png,774,287,2289,291
01A6HG3N_upper_combined.png,802,267,2275,272
01A91JH6_upper_combined.png,771,297,2303,293
01A9282X_lower_combined.png,766,346,2300,345
01ADUNMV_upper_combined.png,791,315,2246,316
01ADYT70_lower_combined.png,779,364,2303,359
01ADYT70_upper_combined.png,776,327,2302,329
01AFES4K_lower_combined.png,805,380,2270,379
01AFES4K_upper_combined.png,780,318,2271,322
01AKES86_upper_combined.png,808,302,2273,297
01AS003D_upper_combined.png,706,302,2370,300
01AS72AN_lower_combined.png,784,340,2293,340
01AS72AN_upper_combined.png,761,318,2304,319
01AS9ER0_lower_combined.png,813,349,2255,349
01AS9ER0_upper_combined.png,769,277,2310,273
01AVY0SK_upper_combined.png,809,291,2278,289
01CCTTK4_lower_combined.png,769,330,2308,330
01CCTTK4_upper_combined.png,730,281,2327,284
01CCUKV4_lower_combined.png,869,372,2198,368
01CCUKV4_upper_combined.png,798,287,2272,283
01CDZ2WA_upper_combined.png,764,267,2297,263
01CJ68G2_upper_combined.png,782,264,2242,278
01DXDP2R_upper_combined.png,722,274,2349,272
01E1XHG8_lower_combined.png,829,339,2233,341
01E1XHG8_upper_combined.png,828,286,2245,291
01E5PXS8_lower_combined.png,784,333,2268,339
01E5PXS8_upper_combined.png,773,302,2285,305
01E5T402_lower_combined.png,768,343,2304,342
01E5T402_upper_combined.png,735,279,2337,276
01E5XG8Z_lower_combined.png,800,329,2271,328
01E5XG8Z_upper_combined.png,786,285,2284,282
01E66M2X_lower_combined.png,772,342,2281,358
01E66M2X_upper_combined.png,782,289,2291,286
01E7MMEF_lower_combined.png,807,340,2243,346
01E7MMEF_upper_combined.png,763,255,2316,252
01E84NTX_lower_combined.png,771,356,2305,358
01E84NTX_upper_combined.png,766,307,2289,310
01E9V1EX_lower_combined.png,790,363,2304,357
01E9V1EX_upper_combined.png,763,298,2300,307
01ECNYXT_lower_combined.png,762,332,2312,331
01ECNYXT_upper_combined.png,732,290,2305,311
01ECZRY6_lower_combined.png,759,316,2301,319
01ECZRY6_upper_combined.png,761,272,2316,276
01EDMPPZ_lower_combined.png,790,331,2270,333
01EDMPPZ_upper_combined.png,778,256,2291,259
01EGTCG0_upper_combined.png,775,296,2300,295
01EH2EGV_lower_combined.png,799,347,2273,343
01EH2EGV_upper_combined.png,753,261,2314,267
01ENJ8TT_lower_combined.png,773,348,2298,341
01ENPFHF_upper_combined.png,801,299,2277,293
01ETW4JZ_lower_combined.png,843,337,2221,341
01ETW4JZ_upper_combined.png,832,286,2231,287
01EU1338_upper_combined.png,757,293,2291,306
01F4JV8X_lower_combined.png,775,329,2293,327
01F4JV8X_upper_combined.png,788,267,2293,267
01F4RGN8_upper_combined.png,811,298,2259,298
01F4SYN8_upper_combined.png,768,284,2302,286
01F6WV5D_lower_combined.png,746,355,2329,351
01F6WV5D_upper_combined.png,679,222,2392,221
01F737KT_lower_combined.png,822,348,2235,350
01F737KT_upper_combined.png,780,290,2292,285
01FAXM1D_upper_combined.png,768,285,2295,277
01FAYE3T_lower_combined.png,758,362,2299,367
01FAYE3T_upper_combined.png,772,281,2306,280
01FC0082_lower_combined.png,735,333,2330,340
01FC0082_upper_combined.png,719,267,2344,258
01FC2D4A_lower_combined.png,772,351,2308,348
01FC2D4A_upper_combined.png,743,302,2322,304
01FG729R_lower_combined.png,810,351,2237,364
01FG729R_upper_combined.png,807,320,2281,299
01FGGPZX_lower_combined.png,796,348,2278,353
01FGGPZX_upper_combined.png,762,257,2302,255
01FGPDFR_lower_combined.png,869,341,2209,342
01FGPDFR_upper_combined.png,853,304,2213,301
01FJT0PR_upper_combined.png,775,309,2293,308
01FJTJU6_upper_combined.png,745,263,2326,266
01FPR7JA_lower_combined.png,819,342,2256,343
01FPR7JA_upper_combined.png,774,270,2268,282
01FPTYH2_lower_combined.png,774,346,2289,343
01FPTYH2_upper_combined.png,760,298,2293,300
01FPY2PZ_upper_combined.png,765,266,2307,266
01FR2S9H_upper_combined.png,737,318,2335,313
01FR9KKX_lower_combined.png,852,327,2217,327
01FR9KKX_upper_combined.png,824,268,2261,259
01FURZ62_lower_combined.png,791,317,2302,312
01FURZ62_upper_combined.png,771,296,2282,297
01FUXUMF_upper_combined.png,772,323,2299,318
01FUZ18R_lower_combined.png,764,336,2302,336
01FUZ18R_upper_combined.png,734,309,2343,310
01FV7258_lower_combined.png,824,362,2252,360
01FV7258_upper_combined.png,824,300,2275,289
01FX4X4R_lower_combined.png,773,364,2287,364
01FX4X4R_upper_combined.png,780,329,2293,324
01FX95TX_lower_combined.png,774,307,2299,308
01FX95TX_upper_combined.png,779,297,2295,297
01FYW6K6_upper_combined.png,787,309,2296,307
01G1AKV2_lower_combined.png,816,385,2251,379
01G1AKV2_upper_combined.png,827,289,2244,289
01G1GYUF_lower_combined.png,773,356,2295,355
01G1GYUF_upper_combined.png,779,320,2296,316
01G1KN8Z_lower_combined.png,778,341,2290,346
01G1KN8Z_upper_combined.png,752,283,2321,282
01HJHZ5X_lower_combined.png,794,348,2278,347
01HJHZ5X_upper_combined.png,773,293,2300,292
01HJK61N_upper_combined.png,827,279,2248,275
01HJKFR8_upper_combined.png,781,318,2270,313
01HMF5HV_lower_combined.png,745,333,2328,333
01HMF5HV_upper_combined.png,779,324,2290,325
01HMZ9RN_lower_combined.png,783,346,2286,345
01HMZ9RN_upper_combined.png,772,282,2298,282
01HXMTNF_lower_combined.png,789,368,2289,355
01HXMTNF_upper_combined.png,764,279,2298,276
01HXX9J8_upper_combined.png,810,307,2262,313
01HY2W2Z_lower_combined.png,769,333,2301,333
01HY2W2Z_upper_combined.png,788,301,2278,301
01J07922_lower_combined.png,796,337,2273,333
01J07922_upper_combined.png,784,325,2295,322
01J1XXHR_upper_combined.png,777,292,2287,295
01J24RCK_lower_combined.png,878,378,2191,372
01J24RCK_upper_combined.png,838,289,2255,279
01J4R99K_lower_combined.png,772,348,2283,355
01J4R99K_upper_combined.png,750,314,2339,314
01J4YSDX_lower_combined.png,743,315,2325,315
01J4YSDX_upper_combined.png,704,281,2365,279
01J54NZ0_lower_combined.png,751,351,2318,351
01J54NZ0_upper_combined.png,685,293,2378,292
01J9AXDD_upper_combined.png,754,293,2317,292
01J9K9S6_lower_combined.png,903,370,2173,367
01J9K9S6_upper_combined.png,834,259,2245,254
01J9RWK6_lower_combined.png,827,374,2231,375
01J9RWK6_upper_combined.png,734,308,2332,311
01JH0154_upper_combined.png,819,301,2261,296
01JHAGK0_lower_combined.png,748,328,2327,330
01JHAGK0_upper_combined.png,726,287,2333,287
01JHDRT4_upper_combined.png,770,242,2300,242
01JM5T86_lower_combined.png,762,316,2304,315
01JM5T86_upper_combined.png,790,304,2283,304
01JNZKAX_upper_combined.png,764,297,2308,296
01JZ8C06_lower_combined.png,815,355,2255,356
01JZ8C06_upper_combined.png,853,298,2215,298
01JZDW8K_upper_combined.png,780,325,2290,326
01JZF0KX_lower_combined.png,792,335,2266,340
01JZF0KX_upper_combined.png,740,293,2343,283
01K17AN8_lower_combined.png,789,347,2278,349
01K17AN8_upper_combined.png,772,298,2303,296
01K3G866_lower_combined.png,767,338,2297,337
01K3G866_upper_combined.png,716,306,2375,299
01K5X8CN_lower_combined.png,764,344,2310,344
01K5X8CN_upper_combined.png,773,320,2292,317
01K6HYF6_lower_combined.png,848,339,2232,343
01K6HYF6_upper_combined.png,817,300,2247,308
01KAS2KD_lower_combined.png,823,360,2246,361
01KAS2KD_upper_combined.png,816,278,2265,279
01KC08MV_lower_combined.png,762,339,2309,338
01KC08MV_upper_combined.png,773,317,2296,314
01KCA1CT_upper_combined.png,782,308,2299,308
01KEK90A_lower_combined.png,762,321,2317,321
01KEK90A_upper_combined.png,757,307,2318,303
01KEV6ET_upper_combined.png,799,302,2269,303
01KJXCTX_lower_combined.png,809,351,2272,352
01KJXCTX_upper_combined.png,743,297,2312,306
01KK2DER_lower_combined.png,801,374,2261,374
01KK2DER_upper_combined.png,782,285,2297,281
01KK775H_upper_combined.png,791,309,2279,308
01KKD7YK_lower_combined.png,726,343,2344,337
01KKD7YK_upper_combined.png,731,320,2358,316
01KRCSKD_lower_combined.png,843,330,2225,329
01KRCSKD_upper_combined.png,832,312,2259,304
01KRDUKX_lower_combined.png,777,333,2291,326
01KRDUKX_upper_combined.png,739,285,2337,282
01KRESY6_lower_combined.png,801,343,2274,344
01KRESY6_upper_combined.png,786,280,2276,281
01KTRG9K_lower_combined.png,787,368,2281,368
01KTRG9K_upper_combined.png,803,297,2263,299
01KTSH6A_lower_combined.png,801,369,2271,368
01KTSH6A_upper_combined.png,744,303,2351,301
01KXSC9K_lower_combined.png,863,419,2205,419
01KXSC9K_upper_combined.png,861,287,2210,281
01KXSPAA_lower_combined.png,792,350,2273,351
01KXSPAA_upper_combined.png,800,311,2270,311
01KY7E6A_lower_combined.png,769,353,2297,356
01KY7E6A_upper_combined.png,750,294,2326,295
01M0RWA6_lower_combined.png,808,327,2272,327
01M10NMV_lower_combined.png,802,336,2264,333
01M10NMV_upper_combined.png,734,265,2340,265
01M24NSZ_lower_combined.png,852,358,2258,339
01M3N1UK_lower_combined.png,788,354,2281,355
01M3N1UK_upper_combined.png,821,306,2266,297
01M6A1CH_lower_combined.png,763,311,2299,311
01M6A1CH_upper_combined.png,767,270,2304,269
01M6GFPV_upper_combined.png,793,265,2276,265
01M6JVVN_lower_combined.png,862,401,2210,405
01M6JVVN_upper_combined.png,802,309,2291,298
01M6SK94_lower_combined.png,726,316,2336,317
01M6SK94_upper_combined.png,746,313,2330,313
01MAU84T_lower_combined.png,723,325,2355,326
01MAU84T_upper_combined.png,731,302,2322,312
01MAVHYZ_lower_combined.png,780,361,2287,362
01MAVHYZ_upper_combined.png,822,311,2251,313
01MAVT6A_lower_combined.png,764,331,2300,326
01MAVT6A_upper_combined.png,769,283,2295,283
01MCCA3X_lower_combined.png,834,344,2251,340
01MCCA3X_upper_combined.png,764,242,2308,243
01MCM1UK_lower_combined.png,762,349,2308,349
01MCM1UK_upper_combined.png,761,322,2309,321
01MCNDR0_lower_combined.png,783,335,2283,335
01MCNDR0_upper_combined.png,800,290,2260,299
01MGY4X8_lower_combined.png,785,351,2279,350
07ZWIO50_lower_combined.png,834,357,2230,356
07ZWIO50_upper_combined.png,830,288,2245,286
08VJ02L0_upper_combined.png,725,258,2333,255
09BMUY86_lower_combined.png,788,330,2266,332
09H2L7DM_upper_combined.png,764,274,2304,273
09HRNJZ8_lower_combined.png,857,421,2219,419
09HRNJZ8_upper_combined.png,854,366,2215,369
0AAQ6BO3_lower_combined.png,826,355,2238,358
0AAQ6BO3_upper_combined.png,805,280,2268,278
0EAKT1CU_lower_combined.png,820,358,2240,366
0EAKT1CU_upper_combined.png,794,304,2290,303
0EJBIPTC_lower_combined.png,853,333,2230,330
0EJBIPTC_upper_combined.png,815,284,2245,288
0JN50XQR_lower_combined.png,769,319,2308,315
0JN50XQR_upper_combined.png,802,305,2263,303
0KIUZ4G5_lower_combined.png,872,354,2171,353
0KIUZ4G5_upper_combined.png,873,246,2208,241
0KPHM46Q_lower_combined.png,827,342,2248,342
0KPHM46Q_upper_combined.png,809,271,2263,273
0LF355FQ_upper_combined.png,888,373,2204,370
0NH6X4SS_lower_combined.png,791,446,2270,449
0NH6X4SS_upper_combined.png,814,392,2253,387
0O4502M7_upper_combined.png,829,279,2253,280
0OF8OOCX_lower_combined.png,853,315,2228,302
0OF8OOCX_upper_combined.png,784,224,2292,225
0OTKQ5J9_lower_combined.png,806,408,2263,407
0OTKQ5J9_upper_combined.png,777,251,2295,255
0TMOBYXS_upper_combined.png,744,264,2331,264
0U1LI1CB_lower_combined.png,781,399,2290,402
0U1LI1CB_upper_combined.png,828,373,2233,366
0VFZZY32_lower_combined.png,781,432,2301,429
0VFZZY32_upper_combined.png,791,380,2281,383
0VYQUKGQ_upper_combined.png,790,392,2289,387
0Y047OQK_upper_combined.png,865,402,2227,402
12MM6PD7_lower_combined.png,814,355,2255,355
12MM6PD7_upper_combined.png,792,240,2281,245
13AFGBBC_lower_combined.png,768,338,2301,337
1419YTY4_lower_combined.png,763,416,2331,409
1419YTY4_upper_combined.png,823,371,2255,370
14M656LK_upper_combined.png,786,271,2293,260
15AIQVK8_lower_combined.png,795,452,2271,448
15AIQVK8_upper_combined.png,831,374,2226,370
1AX7AB2P_upper_combined.png,837,395,2224,394
1EC2MSZR_lower_combined.png,869,313,2227,302
1EC2MSZR_upper_combined.png,778,237,2297,235
1FJ3MLSY_lower_combined.png,818,317,2250,318
1FJ3MLSY_upper_combined.png,808,309,2254,311
1FKZ98MK_upper_combined.png,821,384,2256,385
1LYSVDBP_lower_combined.png,796,324,2276,323
1LYSVDBP_upper_combined.png,772,287,2294,288
1QHIL7V2_lower_combined.png,822,317,2246,317
1QHIL7V2_upper_combined.png,775,250,2300,250
1QI2XWMD_upper_combined.png,778,369,2288,372
1RT7WBH4_lower_combined.png,752,388,2301,407
202Z1L1N_upper_combined.png,823,389,2246,389
20AHRBL3_upper_combined.png,824,277,2257,280
211UTGV1_lower_combined.png,848,415,2224,417
211UTGV1_upper_combined.png,876,368,2212,363
22AEG48N_upper_combined.png,853,281,2205,284
230CAJXL_upper_combined.png,829,374,2223,380
26CY2H2Q_lower_combined.png,798,347,2279,348
26CY2H2Q_upper_combined.png,755,291,2317,284
270KABNB_upper_combined.png,722,279,2364,273
276N3YRC_upper_combined.png,851,380,2215,380
28Q7CM3T_lower_combined.png,793,390,2276,392
28Q7CM3T_upper_combined.png,860,381,2222,377
2AK5QKZ7_upper_combined.png,871,384,2197,386
2C4FVXU0_lower_combined.png,797,331,2266,330
2C4FVXU0_upper_combined.png,784,283,2290,279
2CE5VDAE_upper_combined.png,736,286,2314,289
2GB3W1J0_lower_combined.png,861,426,2213,425
2GB3W1J0_upper_combined.png,836,360,2248,357
2HTC4QTP_upper_combined.png,786,282,2288,284
2HVVCR7B_upper_combined.png,769,384,2304,386
2PNHPSAX_upper_combined.png,818,375,2254,378
2Q8KKZ6V_lower_combined.png,828,394,2227,397
2Q8KKZ6V_upper_combined.png,870,358,2204,356
2TPJ3FG9_lower_combined.png,841,384,2230,382
2TPJ3FG9_upper_combined.png,816,280,2248,283
2U54CEI3_lower_combined.png,821,366,2248,363
2XV86U1F_lower_combined.png,747,330,2325,327
2XV86U1F_upper_combined.png,714,246,2333,249
2Z5OXS0K_upper_combined.png,857,395,2207,385
35XFO1ZF_lower_combined.png,853,438,2219,439
35XFO1ZF_upper_combined.png,865,383,2195,386
38JDN4ZV_lower_combined.png,760,333,2320,335
38JDN4ZV_upper_combined.png,687,272,2376,275
3ARXXI22_lower_combined.png,756,388,2309,391
3ARXXI22_upper_combined.png,812,366,2255,369
3DDGECCR_upper_combined.png,771,302,2303,302
3EIXXI7Z_lower_combined.png,778,298,2296,298
3EIXXI7Z_upper_combined.png,774,266,2300,261
3EU06ZN9_lower_combined.png,860,447,2199,440
3EU06ZN9_upper_combined.png,976,338,2094,337
3HRLKQ4M_upper_combined.png,798,271,2275,279
3JCUF41E_lower_combined.png,825,307,2260,308
3JCUF41E_upper_combined.png,759,284,2296,291
3JVRS0V2_lower_combined.png,841,334,2224,333
3JVRS0V2_upper_combined.png,789,243,2279,242
3PLVMF2P_lower_combined.png,788,416,2256,426
3PLVMF2P_upper_combined.png,844,381,2241,373
3PSS0ONL_lower_combined.png,768,360,2302,359
3PSS0ONL_upper_combined.png,741,273,2328,277
3RHL4BKW_upper_combined.png,794,401,2271,402
3XXKPMWE_lower_combined.png,771,337,2299,337
3XXKPMWE_upper_combined.png,791,293,2270,295
3Y8A14TI_upper_combined.png,787,403,2287,404
45UD35GC_lower_combined.png,822,330,2268,322
45UD35GC_upper_combined.png,791,263,2273,269
460C7711_lower_combined.png,775,360,2281,363
460C7711_upper_combined.png,760,264,2306,267
4A02S6L3_lower_combined.png,822,502,2260,496
4A02S6L3_upper_combined.png,858,376,2222,374
4FEQPMVC_upper_combined.png,839,369,2235,372
4G9LHQ2X_upper_combined.png,815,386,2226,380
4I10EMWA_lower_combined.png,768,385,2309,386
4I10EMWA_upper_combined.png,840,375,2228,378
4J24X0ES_lower_combined.png,831,481,2252,478
4J24X0ES_upper_combined.png,826,396,2245,395
4MC4KRQV_lower_combined.png,792,345,2286,343
4MC4KRQV_upper_combined.png,802,273,2261,279
4NEUQLYY_lower_combined.png,822,451,2246,457
4NEUQLYY_upper_combined.png,824,385,2250,376
4O6ZE6F3_upper_combined.png,880,341,2208,338
4OPR2WF4_lower_combined.png,727,272,2316,270
4OPR2WF4_upper_combined.png,769,275,2304,273
4OTQF1P6_lower_combined.png,837,330,2221,335
4OTQF1P6_upper_combined.png,808,258,2280,263
4OWAG3SG_upper_combined.png,825,371,2252,375
4PW7S6FP_upper_combined.png,784,352,2283,354
4SA064Y7_lower_combined.png,876,359,2195,362
4SA064Y7_upper_combined.png,853,303,2208,304
4TXFGFJS_upper_combined.png,831,391,2238,385
4ZIK093I_lower_combined.png,817,448,2219,464
4ZIK093I_upper_combined.png,870,378,2202,380
50O9GUWT_lower_combined.png,775,299,2296,294
50O9GUWT_upper_combined.png,808,252,2264,252
51MXL2ZA_lower_combined.png,811,308,2276,304
51MXL2ZA_upper_combined.png,797,241,2271,236
54RS4WY0_lower_combined.png,814,341,2258,338
54RS4WY0_upper_combined.png,787,278,2281,280
552HVG7E_lower_combined.png,778,301,2291,302
552HVG7E_upper_combined.png,798,256,2269,257
55EXF0WK_lower_combined.png,832,350,2256,344
55EXF0WK_upper_combined.png,781,291,2294,301
56R9FBMK_lower_combined.png,799,332,2268,330
56R9FBMK_upper_combined.png,833,270,2238,265
58M9IXQ2_lower_combined.png,801,347,2272,349
58M9IXQ2_upper_combined.png,776,224,2288,231
5J9O0LG3_lower_combined.png,734,452,2337,449
5J9O0LG3_upper_combined.png,842,377,2235,378
5JOHQLJK_upper_combined.png,805,370,2277,365
5JRH5J6E_lower_combined.png,823,387,2229,402
5JRH5J6E_upper_combined.png,844,383,2215,396
5LP835GA_lower_combined.png,769,376,2292,376
5LP835GA_upper_combined.png,804,387,2270,385
5M23YGJN_upper_combined.png,817,254,2271,240
5N1YM01F_lower_combined.png,801,433,2293,429
5N1YM01F_upper_combined.png,827,402,2244,401
5NMDP9FJ_upper_combined.png,804,281,2282,281
5SD5BWLR_upper_combined.png,781,287,2290,288
5WCMFAT0_upper_combined.png,724,280,2346,288
653MMYW8_lower_combined.png,787,454,2286,448
653MMYW8_upper_combined.png,832,368,2225,370
67PV9M7X_lower_combined.png,760,348,2302,351
6A019QAT_lower_combined.png,843,426,2227,431
6A019QAT_upper_combined.png,841,360,2225,355
6B5BDMQS_upper_combined.png,802,383,2275,385
6BWQC0CT_lower_combined.png,800,311,2269,310
6BWQC0CT_upper_combined.png,767,273,2305,275
6FUR0HKF_lower_combined.png,810,464,2261,470
6FUR0HKF_upper_combined.png,839,349,2230,351
6I8A5049_upper_combined.png,760,311,2314,304
6KPUNI4X_upper_combined.png,793,239,2277,239
6L4N5MA2_upper_combined.png,874,401,2197,401
6N26U3H8_lower_combined.png,803,345,2270,343
6N26U3H8_upper_combined.png,782,327,2276,328
6PNM29W7_lower_combined.png,815,429,2289,406
6PNM29W7_upper_combined.png,810,382,2246,387
6PTI2HX6_upper_combined.png,898,374,2162,377
6QJ5RART_upper_combined.png,816,283,2253,284
6TVH3SNC_lower_combined.png,735,324,2331,325
6TVH3SNC_upper_combined.png,739,263,2340,260
6TZ254SP_lower_combined.png,821,363,2250,363
6TZ254SP_upper_combined.png,774,299,2297,295
6VX3OJFR_lower_combined.png,816,356,2272,347
6X24ILNE_upper_combined.png,848,398,2221,386
6X2UD6H6_upper_combined.png,811,382,2262,382
6XSU5W4B_upper_combined.png,824,291,2255,290
725VOCK0_upper_combined.png,791,283,2274,285
78WMB1PB_upper_combined.png,795,284,2261,281
79R5A68H_lower_combined.png,791,409,2282,410
79R5A68H_upper_combined.png,860,388,2213,392
7CPH3KRT_lower_combined.png,842,420,2252,410
7CPH3KRT_upper_combined.png,863,360,2224,365
7DRMXZ3A_lower_combined.png,836,339,2241,324
7DRMXZ3A_upper_combined.png,794,293,2302,287
7G52QKXB_upper_combined.png,850,386,2224,392
7IGA0W6E_lower_combined.png,811,362,2253,363
7IGA0W6E_upper_combined.png,776,299,2265,307
7IKF2TIW_lower_combined.png,809,362,2263,362
7IKF2TIW_upper_combined.png,823,294,2261,294
7IYV2N3D_lower_combined.png,809,391,2266,391
7IYV2N3D_upper_combined.png,769,291,2301,297
7KRVT5N0_lower_combined.png,806,394,2267,397
7KRVT5N0_upper_combined.png,819,369,2252,372
7PQAZ8X1_lower_combined.png,773,471,2297,471
7PQAZ8X1_upper_combined.png,819,364,2254,361
7QW884Y4_lower_combined.png,772,334,2292,334
7QW884Y4_upper_combined.png,778,285,2295,282
80RPZWJT_lower_combined.png,807,330,2249,345
80RPZWJT_upper_combined.png,778,282,2299,278
82D9U6D6_upper_combined.png,795,396,2280,394
82J9I2HU_lower_combined.png,812,409,2261,407
82J9I2HU_upper_combined.png,833,357,2239,354
85ARPPFY_lower_combined.png,789,333,2277,338
85ARPPFY_upper_combined.png,769,291,2306,289
87ILJ6BK_lower_combined.png,758,329,2288,332
87ILJ6BK_upper_combined.png,762,252,2306,251
87N5YSES_lower_combined.png,829,482,2252,482
87N5YSES_upper_combined.png,840,377,2235,377
8BA4388V_lower_combined.png,843,372,2223,371
8BA4388V_upper_combined.png,831,302,2250,299
8C8LPIIY_lower_combined.png,815,330,2232,344
8C8LPIIY_upper_combined.png,808,287,2282,287
8JYS0DD1_lower_combined.png,863,303,2206,303
8JYS0DD1_upper_combined.png,794,268,2254,279
8OHPQ7X8_lower_combined.png,756,325,2320,327
8OHPQ7X8_upper_combined.png,730,293,2334,297
8QFKXVYB_upper_combined.png,879,379,2187,378
8SLVB1AH_lower_combined.png,794,382,2269,382
8SLVB1AH_upper_combined.png,775,267,2312,265
8T3LV6TZ_lower_combined.png,792,350,2267,350
8T3LV6TZ_upper_combined.png,816,292,2269,294
8WZSZBYG_upper_combined.png,854,366,2218,371
8XVU7PN9_upper_combined.png,795,399,2276,400
918HS04U_lower_combined.png,814,307,2267,307
918HS04U_upper_combined.png,798,266,2269,264
92NOTURU_upper_combined.png,746,274,2318,276
949XHLS5_lower_combined.png,759,293,2319,288
949XHLS5_upper_combined.png,745,276,2320,275
9GSQBATD_lower_combined.png,806,346,2272,345
9GSQBATD_upper_combined.png,780,313,2284,315
9KDRM0A8_lower_combined.png,728,334,2347,335
9KDRM0A8_upper_combined.png,742,303,2334,295
9LWEGQLI_upper_combined.png,885,393,2191,390
9M60SBBP_lower_combined.png,835,494,2251,483
9M60SBBP_upper_combined.png,869,363,2216,367
9OOBRVB8_lower_combined.png,809,449,2265,443
9OOBRVB8_upper_combined.png,827,416,2258,409
9R5CDLK4_lower_combined.png,793,312,2275,312
9R5CDLK4_upper_combined.png,777,268,2293,270
9RXZC3H4_lower_combined.png,848,322,2220,323
9RXZC3H4_upper_combined.png,811,295,2253,297
9S7DPB1Q_lower_combined.png,846,358,2221,361
9S7DPB1Q_upper_combined.png,800,272,2267,273
9TLHF8TV_lower_combined.png,808,323,2259,324
9TLHF8TV_upper_combined.png,844,300,2220,300
9U19TREK_lower_combined.png,806,338,2278,326
9U19TREK_upper_combined.png,781,277,2269,286
9VI3MAFZ_upper_combined.png,815,288,2249,286
9Y5UP7GB_lower_combined.png,774,378,2296,378
9Y5UP7GB_upper_combined.png,789,282,2312,269
9YQIGSGN_lower_combined.png,824,353,2247,352
9YQIGSGN_upper_combined.png,782,280,2296,277
9ZI8RSEP_lower_combined.png,839,387,2221,394
9ZI8RSEP_upper_combined.png,831,298,2240,304
A9TECAGP_lower_combined.png,855,317,2215,312
A9TECAGP_upper_combined.png,822,228,2243,228
AEOQ4Q9Q_lower_combined.png,803,320,2266,321
AEOQ4Q9Q_upper_combined.png,798,278,2270,273
AJP25A9G_lower_combined.png,863,353,2215,357
AJP25A9G_upper_combined.png,761,227,2301,226
AKBDPB4C_upper_combined.png,770,275,2306,274
AKHIE0CJ_lower_combined.png,806,395,2261,396
AKHIE0CJ_upper_combined.png,841,360,2234,367
ameziani_lower_combined.png,855,385,2230,376
ameziani_upper_combined.png,854,354,2226,352
ANLLPLV7_lower_combined.png,761,328,2311,329
ANLLPLV7_upper_combined.png,736,314,2335,316
API3O9JV_lower_combined.png,755,336,2327,333
API3O9JV_upper_combined.png,759,285,2314,285
APLDXK7R_lower_combined.png,729,330,2345,329
AQLXAN8L_lower_combined.png,815,370,2256,371
AQLXAN8L_upper_combined.png,766,324,2308,322
ASUXPX7O_lower_combined.png,750,334,2321,336
ASUXPX7O_upper_combined.png,744,273,2316,268
AV3JBM98_lower_combined.png,806,457,2267,456
AV3JBM98_upper_combined.png,852,343,2220,343
AVI68NCT_lower_combined.png,786,298,2286,300
AVI68NCT_upper_combined.png,776,275,2286,271
AY0DEPFN_upper_combined.png,773,289,2295,293
AYJQ5YMF_upper_combined.png,801,367,2270,356
AYSCFCO8_lower_combined.png,830,359,2237,356
AYSCFCO8_upper_combined.png,799,267,2275,261
B5708797_lower_combined.png,747,355,2324,352
B5708797_upper_combined.png,739,315,2336,316
B5GFZIRW_upper_combined.png,783,381,2290,381
B7JSFJPG_lower_combined.png,791,365,2279,365
B7JSFJPG_upper_combined.png,779,328,2297,325
B7ZCYID1_lower_combined.png,794,450,2275,451
B7ZCYID1_upper_combined.png,808,387,2231,401
B9TZ4IAO_lower_combined.png,798,365,2274,366
B9TZ4IAO_upper_combined.png,767,293,2301,294
baliwish_lower_combined.png,873,419,2190,418
baliwish_upper_combined.png,914,369,2161,368
BBHLWUPK_lower_combined.png,804,366,2261,366
BBHLWUPK_upper_combined.png,765,264,2317,260
BC0OWLNW_upper_combined.png,875,378,2188,362
BEONHKS1_lower_combined.png,804,400,2271,413
BEONHKS1_upper_combined.png,863,374,2214,375
BIIEY91S_lower_combined.png,852,352,2214,352
BIIEY91S_upper_combined.png,787,262,2279,260
BMQDU97G_lower_combined.png,802,389,2270,383
BMQDU97G_upper_combined.png,826,367,2238,368
BNQ3Q4G3_lower_combined.png,775,426,2294,422
BNQ3Q4G3_upper_combined.png,809,373,2295,379
BT6UVVI2_lower_combined.png,833,481,2247,478
BT6UVVI2_upper_combined.png,813,394,2255,393
BTDMOORI_lower_combined.png,824,333,2245,333
BTDMOORI_upper_combined.png,766,298,2297,294
BUGB9DY1_lower_combined.png,780,325,2288,324
BUGB9DY1_upper_combined.png,777,276,2303,278
BWWLPBF7_upper_combined.png,793,277,2267,277
C2SF98X5_lower_combined.png,822,502,2260,496
C2SF98X5_upper_combined.png,857,376,2223,374
C3TQ47Z0_lower_combined.png,750,347,2322,352
C3TQ47Z0_upper_combined.png,733,323,2333,327
C4EMFL0D_lower_combined.png,769,456,2299,457
C4EMFL0D_upper_combined.png,796,393,2272,387
C4LOTSKE_lower_combined.png,838,432,2239,428
C4LOTSKE_upper_combined.png,894,380,2182,377
C6C00RHE_lower_combined.png,775,344,2290,337
C6C00RHE_upper_combined.png,772,260,2319,256
C928TR28_lower_combined.png,749,349,2322,352
C928TR28_upper_combined.png,759,291,2309,286
CBH07YND_lower_combined.png,828,366,2243,361
CBH07YND_upper_combined.png,809,304,2253,305
CBSF6Q84_lower_combined.png,757,318,2319,322
CBSF6Q84_upper_combined.png,759,325,2318,324
CD81F1F4_lower_combined.png,807,370,2251,370
CD81F1F4_upper_combined.png,758,259,2321,261
CIGUMDD0_lower_combined.png,782,341,2289,341
CIGUMDD0_upper_combined.png,813,314,2246,317
CK45DVLG_lower_combined.png,846,440,2212,442
CK45DVLG_upper_combined.png,855,369,2210,379
CLNVA9MZ_upper_combined.png,823,402,2243,401
CNUR69O9_upper_combined.png,836,364,2237,370
CQZX40I5_lower_combined.png,794,346,2265,348
CQZX40I5_upper_combined.png,788,254,2270,256
CR6E6PTV_lower_combined.png,796,351,2273,350
CR6E6PTV_upper_combined.png,773,295,2303,293
CUOT8S6L_upper_combined.png,752,376,2322,376
CVTHSBS5_lower_combined.png,806,344,2248,355
CVTHSBS5_upper_combined.png,788,243,2294,241
CVXIS1C2_upper_combined.png,798,287,2281,289
CX7JD1LO_lower_combined.png,741,317,2328,318
CX7JD1LO_upper_combined.png,727,269,2337,270
CXAJM3O9_upper_combined.png,731,242,2336,246
CYU4HS3D_lower_combined.png,848,422,2231,419
CYU4HS3D_upper_combined.png,842,382,2229,382
CZ0XDR02_upper_combined.png,819,267,2256,266
D0NMVCKH_upper_combined.png,868,377,2216,377
D8FLAW28_lower_combined.png,841,383,2233,383
D8FLAW28_upper_combined.png,781,293,2289,296
DA6ONC9Z_lower_combined.png,792,282,2276,282
DA6ONC9Z_upper_combined.png,774,269,2301,264
DBNTTNY9_lower_combined.png,842,367,2205,385
DBNTTNY9_upper_combined.png,788,257,2303,250
DC8VMT30_lower_combined.png,794,434,2275,433
DEBDX44O_lower_combined.png,806,505,2231,523
DEBDX44O_upper_combined.png,856,364,2228,373
DG27PDD4_upper_combined.png,794,257,2287,257
DGUTSTAN_lower_combined.png,833,422,2237,422
DGUTSTAN_upper_combined.png,827,367,2236,369
DHS59TDF_lower_combined.png,865,339,2215,322
DHS59TDF_upper_combined.png,821,276,2262,276
DKDRMRFK_lower_combined.png,808,464,2270,462
DKZWON8N_lower_combined.png,835,437,2219,440
DKZWON8N_upper_combined.png,835,375,2238,374
DLVODLKR_lower_combined.png,839,396,2265,392
DLVODLKR_upper_combined.png,819,361,2255,367
DNDYES9U_lower_combined.png,833,450,2243,448
DNDYES9U_upper_combined.png,826,375,2246,375
DNSRP767_lower_combined.png,820,318,2258,314
DNSRP767_upper_combined.png,826,283,2251,278
DOMAN83I_upper_combined.png,729,257,2352,260
DVVHA02D_lower_combined.png,729,435,2338,434
DVVHA02D_upper_combined.png,797,391,2269,388
DWXU0WC3_lower_combined.png,743,332,2291,348
DWXU0WC3_upper_combined.png,737,305,2355,299
DXNHHADD_lower_combined.png,799,288,2291,289
DXNHHADD_upper_combined.png,795,288,2273,287
E0CUCLHY_lower_combined.png,781,328,2291,322
E0CUCLHY_upper_combined.png,782,279,2268,295
E11NEPB6_lower_combined.png,774,497,2301,490
E11NEPB6_upper_combined.png,790,395,2279,390
E1OLNXQ5_lower_combined.png,825,345,2246,344
E23G704K_lower_combined.png,783,346,2289,348
E23G704K_upper_combined.png,786,307,2282,298
E4GH1D3S_lower_combined.png,854,414,2218,414
E4GH1D3S_upper_combined.png,853,377,2215,377
E552BK9X_lower_combined.png,759,288,2321,299
E552BK9X_upper_combined.png,814,238,2250,252
EA8SBGX4_lower_combined.png,777,326,2273,339
EA8SBGX4_upper_combined.png,802,330,2270,332
EB6DQGAR_lower_combined.png,817,408,2236,408
EB6DQGAR_upper_combined.png,835,384,2245,384
EBSXE6SY_lower_combined.png,778,321,2298,315
EBSXE6SY_upper_combined.png,785,321,2282,321
EI585456_upper_combined.png,836,395,2238,392
EJWZZZRF_lower_combined.png,806,333,2244,345
EJWZZZRF_upper_combined.png,808,280,2278,283
EK26QFUW_upper_combined.png,819,352,2247,362
EKITH3BB_upper_combined.png,869,343,2202,345
ENQ0R553_upper_combined.png,734,275,2322,281
ERCT8ZLW_upper_combined.png,893,408,2173,407
EUCFQ9KW_lower_combined.png,770,360,2300,361
EUCFQ9KW_upper_combined.png,759,284,2316,285
EVWJL2PL_upper_combined.png,897,363,2166,359
F5NBC5X3_upper_combined.png,820,366,2250,367
F892DPWZ_upper_combined.png,804,374,2266,373
F92OKIOI_upper_combined.png,852,394,2226,387
FA7LBP95_lower_combined.png,797,378,2267,373
FA7LBP95_upper_combined.png,783,259,2304,259
FBZLIQ1L_lower_combined.png,808,314,2266,323
FBZLIQ1L_upper_combined.png,838,290,2250,286
FGXB4D4K_lower_combined.png,790,279,2278,283
FGXB4D4K_upper_combined.png,763,204,2305,207
FHA6N618_lower_combined.png,791,339,2283,337
FHA6N618_upper_combined.png,790,299,2280,299
FJPU30RL_lower_combined.png,749,371,2314,377
FJPU30RL_upper_combined.png,731,292,2342,296
FJS5HCDU_lower_combined.png,813,317,2262,317
FJS5HCDU_upper_combined.png,764,250,2294,242
FKSYZ9LA_lower_combined.png,837,326,2241,323
FKSYZ9LA_upper_combined.png,811,267,2262,265
FUYJPUPX_lower_combined.png,797,429,2287,425
FUYJPUPX_upper_combined.png,812,386,2255,383
FWTHWWD3_lower_combined.png,774,332,2306,327
FWTHWWD3_upper_combined.png,762,265,2326,258
FXMJG80Y_upper_combined.png,770,261,2299,262
G29MBJ1O_lower_combined.png,756,313,2320,313
G29MBJ1O_upper_combined.png,727,273,2339,268
G3IG4NVH_upper_combined.png,838,376,2229,374
G73V8OVW_lower_combined.png,808,350,2261,348
G73V8OVW_upper_combined.png,780,267,2302,267
GANLQSL1_lower_combined.png,808,401,2270,400
GANLQSL1_upper_combined.png,829,343,2261,336
GB5JUSDJ_lower_combined.png,834,358,2237,358
GB5JUSDJ_upper_combined.png,766,277,2290,277
GBRCT97W_lower_combined.png,782,340,2289,337
GBRCT97W_upper_combined.png,762,249,2306,247
GE7LXGDG_lower_combined.png,840,325,2229,327
GE7LXGDG_upper_combined.png,744,201,2330,200
GG5ARUVQ_lower_combined.png,838,350,2241,347
GG5ARUVQ_upper_combined.png,812,259,2260,257
GK7OJEPT_lower_combined.png,801,317,2264,317
GK7OJEPT_upper_combined.png,784,260,2284,264
GNR6QR3P_lower_combined.png,792,354,2276,350
GNR6QR3P_upper_combined.png,779,293,2294,293
GPADPK3N_lower_combined.png,784,304,2280,301
GPADPK3N_upper_combined.png,794,266,2276,266
GRG0112S_lower_combined.png,807,322,2261,323
GRG0112S_upper_combined.png,815,286,2249,287
GSHA8E4C_upper_combined.png,802,271,2269,272
GSICB2I6_lower_combined.png,812,368,2260,368
GSICB2I6_upper_combined.png,835,354,2243,347
GW8YVYNF_lower_combined.png,790,337,2278,337
GW8YVYNF_upper_combined.png,808,275,2270,276
H1HUQBYJ_lower_combined.png,773,290,2312,284
H1HUQBYJ_upper_combined.png,772,279,2282,275
H205AOTN_upper_combined.png,781,263,2286,263
H5EFRXCQ_upper_combined.png,792,385,2279,383
H79I7NHI_lower_combined.png,736,306,2324,305
H79I7NHI_upper_combined.png,822,296,2245,293
H83RDQT1_lower_combined.png,800,373,2277,372
H83RDQT1_upper_combined.png,741,284,2327,285
H8RSX6T2_lower_combined.png,826,344,2252,344
H8RSX6T2_upper_combined.png,760,282,2303,287
H9EM9IEE_lower_combined.png,824,348,2249,348
HCGXNZ4O_upper_combined.png,715,286,2367,284
HDVYC7UQ_upper_combined.png,812,287,2268,286
HE565KIU_upper_combined.png,823,392,2249,397
HJ9PT4DQ_lower_combined.png,783,346,2288,340
HJ9PT4DQ_upper_combined.png,773,314,2298,311
HJMHHU6N_upper_combined.png,749,248,2313,248
HLA5ODT6_upper_combined.png,815,273,2255,273
HPVH85IJ_lower_combined.png,761,339,2307,341
HPVH85IJ_upper_combined.png,727,269,2349,271
HQN0ZJDP_lower_combined.png,770,339,2298,338
HQN0ZJDP_upper_combined.png,783,253,2272,258
HSY4YB1J_lower_combined.png,821,320,2247,318
HSY4YB1J_upper_combined.png,766,272,2306,268
HT9XQCYL_upper_combined.png,800,292,2277,291
HWO9T72O_lower_combined.png,783,349,2301,342
HWO9T72O_upper_combined.png,779,276,2288,270
HZH8DYC7_lower_combined.png,856,392,2207,400
HZH8DYC7_upper_combined.png,877,371,2196,371
I004CBAW_lower_combined.png,814,336,2252,340
I004CBAW_upper_combined.png,788,309,2268,307
I04GI3H5_lower_combined.png,808,519,2253,512
I04GI3H5_upper_combined.png,833,396,2268,382
I13W39XQ_upper_combined.png,825,363,2241,363
I3PL4JRE_lower_combined.png,826,348,2246,348
I3PL4JRE_upper_combined.png,792,303,2277,298
I3T81ZK8_lower_combined.png,799,471,2259,476
I3T81ZK8_upper_combined.png,834,396,2259,392
I8CPN1UN_lower_combined.png,832,343,2258,332
I8CPN1UN_upper_combined.png,787,292,2282,288
I8V5YEDR_upper_combined.png,856,367,2256,354
I9OKVRWS_lower_combined.png,837,469,2229,473
I9OKVRWS_upper_combined.png,868,376,2203,375
I9TWNSD1_lower_combined.png,845,446,2216,455
I9TWNSD1_upper_combined.png,873,366,2202,367
IAKXN91M_lower_combined.png,800,342,2255,345
IAKXN91M_upper_combined.png,792,283,2274,277
IBG3DGZJ_lower_combined.png,809,416,2275,412
IBG3DGZJ_upper_combined.png,869,369,2225,368
IF1GKK1E_lower_combined.png,814,392,2275,383
IF1GKK1E_upper_combined.png,793,351,2278,349
IFB97TD3_lower_combined.png,783,322,2292,323
IFB97TD3_upper_combined.png,718,300,2379,282
IFVHVDFO_upper_combined.png,838,391,2237,396
IHKL3Y8N_lower_combined.png,790,376,2294,376
IHKL3Y8N_upper_combined.png,770,311,2314,308
IKZNMT4Z_lower_combined.png,821,338,2249,339
IKZNMT4Z_upper_combined.png,823,299,2241,299
IMFA1IHI_upper_combined.png,868,371,2212,370
IODU1NRC_lower_combined.png,769,292,2296,292
IODU1NRC_upper_combined.png,787,301,2292,297
ISX690IR_lower_combined.png,783,334,2285,331
ISX690IR_upper_combined.png,745,234,2329,238
ITB1L2PL_lower_combined.png,760,351,2328,352
ITB1L2PL_upper_combined.png,701,253,2357,250
ITTMBOHC_lower_combined.png,785,329,2271,341
ITTMBOHC_upper_combined.png,772,276,2308,266
IUIE4BYI_lower_combined.png,836,340,2231,340
IUIE4BYI_upper_combined.png,807,239,2238,244
J1A5FRQN_lower_combined.png,805,447,2266,443
J1A5FRQN_upper_combined.png,821,381,2258,377
J8CXVF59_lower_combined.png,780,366,2293,365
J8CXVF59_upper_combined.png,747,254,2301,254
J8YGBFK2_upper_combined.png,773,266,2299,264
JDRJHMFZ_lower_combined.png,752,340,2326,340
JDRJHMFZ_upper_combined.png,773,260,2289,258
JFQDC74U_lower_combined.png,769,351,2296,351
JFQDC74U_upper_combined.png,757,304,2309,302
JFZUIR52_upper_combined.png,840,395,2237,395
JJ19KE8W_lower_combined.png,801,415,2270,413
JJ19KE8W_upper_combined.png,829,388,2246,384
JJEIMAPR_lower_combined.png,834,433,2227,422
JJEIMAPR_upper_combined.png,888,377,2207,366
JKLNUYPM_upper_combined.png,818,375,2242,372
JRG6Y6E0_upper_combined.png,796,393,2272,395
JTK0GQ2B_upper_combined.png,797,289,2275,291
JXVWXY0L_upper_combined.png,831,366,2231,364
JY7F4AAF_upper_combined.png,816,382,2249,375
K23X2RAU_lower_combined.png,768,427,2304,432
K23X2RAU_upper_combined.png,838,384,2236,384
K2T9J4YW_lower_combined.png,743,358,2330,353
K2T9J4YW_upper_combined.png,718,279,2367,271
K4BAII5F_lower_combined.png,874,335,2187,341
K4BAII5F_upper_combined.png,824,245,2270,237
K4E9RKYU_upper_combined.png,701,232,2372,234
K6LK1YRK_lower_combined.png,819,290,2243,304
K6LK1YRK_upper_combined.png,795,249,2283,266
K70NYZYE_upper_combined.png,729,304,2344,306
K8SZYQ72_lower_combined.png,808,412,2263,413
K8SZYQ72_upper_combined.png,841,389,2224,391
K9X2TVDE_lower_combined.png,771,409,2306,410
K9X2TVDE_upper_combined.png,805,385,2267,384
KAHYFGOY_upper_combined.png,846,370,2223,368
karklina_upper_combined.png,823,376,2240,383
KBGVMAF7_lower_combined.png,839,349,2240,340
KBGVMAF7_upper_combined.png,813,240,2266,233
KBN31K7D_lower_combined.png,811,443,2253,454
KBN31K7D_upper_combined.png,834,379,2244,377
KHLZKW97_lower_combined.png,794,363,2279,362
KHLZKW97_upper_combined.png,756,275,2322,275
KKBN198S_lower_combined.png,734,297,2335,299
KKBN198S_upper_combined.png,756,270,2311,270
KNIH5AER_upper_combined.png,807,383,2262,386
KS0FGXGB_lower_combined.png,749,434,2316,435
KS0FGXGB_upper_combined.png,816,358,2255,358
KSHNN3DV_upper_combined.png,805,257,2300,236
KW108G1P_upper_combined.png,809,384,2249,388
KWWQJ60M_upper_combined.png,761,274,2301,275
KX9HKC3D_lower_combined.png,856,347,2212,347
KX9HKC3D_upper_combined.png,819,282,2259,282
L1WXOSF6_lower_combined.png,833,420,2239,420
L1WXOSF6_upper_combined.png,851,380,2225,378
L428SD7J_upper_combined.png,839,387,2213,377
L7Z4TSKP_lower_combined.png,894,335,2179,343
L7Z4TSKP_upper_combined.png,861,214,2211,213
L8IYFLQP_upper_combined.png,804,244,2266,244
L9EKTZMV_lower_combined.png,807,443,2273,444
L9EKTZMV_upper_combined.png,837,378,2227,379
LA67YYVJ_upper_combined.png,848,354,2241,352
LBY32W80_lower_combined.png,782,336,2259,344
LE4E8YWJ_upper_combined.png,840,276,2242,276
LGADV15G_lower_combined.png,797,350,2269,353
LGADV15G_upper_combined.png,786,261,2283,262
LHP32GAK_upper_combined.png,895,380,2174,377
LLJGPB8I_upper_combined.png,839,367,2221,368
LNQ2C7W2_upper_combined.png,753,261,2324,258
LPISNMTY_lower_combined.png,846,354,2220,356
LPISNMTY_upper_combined.png,804,275,2280,264
LSMGKLAH_upper_combined.png,844,380,2226,381
LUQGC700_upper_combined.png,809,386,2311,394
LWUJBHYO_lower_combined.png,828,334,2246,337
LWUJBHYO_upper_combined.png,749,189,2310,191
M357DNS7_lower_combined.png,827,340,2236,340
M357DNS7_upper_combined.png,854,304,2211,298
M4HYU284_lower_combined.png,785,323,2283,322
M4HYU284_upper_combined.png,782,283,2288,290
M7RTPNPC_lower_combined.png,854,485,2203,485
M7RTPNPC_upper_combined.png,843,381,2216,388
MAIPESOV_lower_combined.png,831,338,2232,333
MAIPESOV_upper_combined.png,809,298,2267,290
MBCDT4BG_lower_combined.png,798,331,2279,327
MBCDT4BG_upper_combined.png,787,267,2286,264
MC39MU3H_lower_combined.png,868,339,2197,332
MC39MU3H_upper_combined.png,832,254,2238,251
mccarthy_lower_combined.png,789,369,2284,369
MGYSCSI9_upper_combined.png,864,392,2217,390
MHDYIWUS_upper_combined.png,744,318,2328,320
MNIAB8K3_lower_combined.png,792,336,2268,332
MNIAB8K3_upper_combined.png,809,266,2298,259
MPLQN22P_lower_combined.png,838,356,2238,348
MPLQN22P_upper_combined.png,784,309,2264,312
0145NKWZ_lower_combined.png,848,352,2222,351
014JUMCF_lower_combined.png,750,316,2314,316
01502VH6_lower_combined.png,801,375,2263,375
01533UH2_upper_combined.png,810,249,2267,246
017FHD6X_lower_combined.png,768,340,2299,341
018UV7KV_lower_combined.png,791,332,2286,329
018XZVD6_lower_combined.png,783,345,2282,347
019CNYA6_upper_combined.png,739,317,2313,322
019GGYZ4_lower_combined.png,764,356,2302,359
019GGYZ4_upper_combined.png,786,299,2282,300
019M7KEN_lower_combined.png,783,350,2297,346
019NUXJV_lower_combined.png,772,342,2300,342
019T94KX_upper_combined.png,769,281,2300,279
01A6HG3N_lower_combined.png,843,332,2237,332
01AVY0SK_lower_combined.png,800,374,2272,369
01DXDP2R_lower_combined.png,712,327,2358,327
01EU1338_lower_combined.png,792,339,2293,328
01F4SYN8_lower_combined.png,796,334,2276,333
01HJKFR8_lower_combined.png,797,348,2270,348
01J1XXHR_lower_combined.png,772,325,2311,330
01JH0154_lower_combined.png,829,318,2240,320
01M6GFPV_lower_combined.png,836,347,2247,340
0LF355FQ_lower_combined.png,868,504,2205,494
0TMOBYXS_lower_combined.png,762,339,2302,339
13AFGBBC_upper_combined.png,708,269,2377,269
1MWJLE4X_lower_combined.png,885,404,2202,394
1MWJLE4X_upper_combined.png,901,361,2170,351
1RT7WBH4_upper_combined.png,791,372,2269,372
22AEG48N_lower_combined.png,863,344,2203,346
2DZ821ZJ_upper_combined.png,796,283,2275,282
2HTC4QTP_lower_combined.png,817,353,2254,353
2U54CEI3_upper_combined.png,825,271,2237,274
3OHU0Q5V_upper_combined.png,838,391,2237,396
5SD5BWLR_lower_combined.png,795,361,2270,362
7B46ZOVS_lower_combined.png,776,371,2294,374
8MTEIYKY_lower_combined.png,848,392,2220,394
AKBDPB4C_lower_combined.png,799,370,2268,373
BC0OWLNW_lower_combined.png,816,411,2240,412
E1OLNXQ5_upper_combined.png,810,258,2249,260
ENQ0R553_lower_combined.png,725,308,2344,307
F892DPWZ_lower_combined.png,802,434,2268,430
HT9XQCYL_lower_combined.png,2254,315,814,316
KS84R9LU_upper_combined.png,770,280,2289,284
KWWQJ60M_lower_combined.png,780,349,2287,350
LA67YYVJ_lower_combined.png,783,432,2268,440
LAFJJKAE_upper_combined.png,780,236,2299,235
LHP32GAK_lower_combined.png,900,412,2166,414
LNELLH3H_upper_combined.png,870,382,2194,382
LOVM549U_upper_combined.png,831,400,2238,396
MHG8FM6A_upper_combined.png,801,258,2250,266
